title;year;budget;revenue
102 Dalmatians;2000;85000000;183611771
3 Strikes;2000;6000000;9000000
Almost Famous;2000;60000000;47383689
American Psycho;2000;7000000;34266564
Amores perros;2000;2000000;20908467
Battlefield Earth;2000;44000000;21400000
Bedazzled;2000;48000000;90383208
Big Momma's House;2000;30000000;173959438
Billy Elliot;2000;5000000;110000000
Boiler Room;2000;26000000;28780255
Boys and Girls;2000;16000000;20627372
Bring It On;2000;28000000;90449929
Brother;2000;12000000;15250000
Cast Away;2000;90000000;429632142
Center Stage;2000;18000000;17200925
Charlie's Angels;2000;92000000;264105545
Chicken Run;2000;45000000;224834564
Chocolat;2000;25000000;152500343
Coyote Ugly;2000;45000000;113916474
Dancer in the Dark;2000;12800000;40031879
Dinosaur;2000;127500000;354248063
Dracula 2000;2000;28000000;33000337
Drowning Mona;2000;16000000;15427192
Dude, Where’s My Car?;2000;13000000;73180723
Erin Brockovich;2000;52000000;256271286
Final Destination;2000;23000000;53302314
Finding Forrester;2000;43000000;80049764
Fiza;2000;1000000;623791
Frequency;2000;31000000;68106245
Get Carter;2000;63600000;19412993
Gladiator;2000;103000000;457640427
Gone in Sixty Seconds;2000;90000000;237202299
Gossip;2000;14000000;5108820
Gun Shy;2000;10000000;1631839
Hanging Up;2000;40000000;36037909
High Fidelity;2000;30000000;47126295
Highlander: Endgame;2000;25000000;15843608
Hollow Man;2000;95000000;190213455
How the Grinch Stole Christmas;2000;123000000;345141403
Isn't She Great;2000;36000000;3003296
Keeping the Faith;2000;30000000;37036004
Love & Basketball;2000;20000000;27728118
Me, Myself & Irene;2000;51000000;149270999
Meet the Parents;2000;55000000;330444045
Memento;2000;9000000;39723096
Men of Honor;2000;32000000;48814909
Miss Congeniality;2000;45000000;212000000
Mission to Mars;2000;90000000;60874615
Mission: Impossible II;2000;125000000;546388105
Next Friday;2000;11000000;59827328
Nutty Professor II: The Klumps;2000;84000000;123307945
O Brother, Where Art Thou?;2000;26000000;71868327
Pay It Forward;2000;40000000;55707411
Pitch Black;2000;23000000;53187659
Pok�mon 3: The Movie;2000;16000000;68411275
Quills;2000;13500000;7060876
Ready to Rumble;2000;24000000;12372410
Red Planet;2000;80000000;33463969
Reindeer Games;2000;42000000;32168970
Remember the Titans;2000;30000000;136706683
Requiem for a Dream;2000;4500000;7390108
Return to Me;2000;24000000;36609995
Road Trip;2000;16000000;119754278
Romeo Must Die;2000;25000000;91036760
Rugrats in Paris: The Movie;2000;30;103
Scream 3;2000;40000000;161834276
Shadow of the Vampire;2000;8000000;8279017
Shaft;2000;46000000;107196498
Shanghai Noon;2000;55000000;56932305
Snatch;2000;10000000;83557872
Space Cowboys;2000;65000000;128884132
Supernova;2000;90000000;14828081
The 6th Day;2000;82000000;96085477
The Adventures of Rocky & Bullwinkle;2000;76000000;35134820
The Art of War;2000;40000000;30199105
The Beach;2000;40000000;144056873
The Broken Hearts Club: A Romantic Comedy;2000;1000000;1744858
The Cell;2000;33000000;104155843
The Emperor's New Groove;2000;100000000;169327687
The Flintstones in Viva Rock Vegas;2000;83000000;59468275
The House of Mirth;2000;10000000;5164404
The In Crowd;2000;15000000;5217498
The Kid;2000;65000000;69700000
The Ladies Man;2000;24000000;13700000
The Legend of Bagger Vance;2000;80000000;39459427
The Little Vampire;2000;22000000;13555988
The Next Best Thing;2000;25000000;24362772
The Patriot;2000;110000000;215294342
The Perfect Storm;2000;120000000;325756637
The Road to El Dorado;2000;95000000;76432727
The Skulls;2000;15000000;35007180
The Tigger Movie;2000;30000000;45554533
The Way of the Gun;2000;8500000;19125401
The Whole Nine Yards;2000;41300000;106371651
Thirteen Days;2000;80000000;34566746
Titan A.E.;2000;75000000;36754634
Traffic;2000;48000000;207515725
U-571;2000;62000000;127666415
Unbreakable;2000;75000000;248118121
Urban Legends: Final Cut;2000;14000000;38574362
Vertical Limit;2000;75000000;215663859
What Lies Beneath;2000;100000000;155464351
What Women Want;2000;70000000;374111707
Whatever It Takes;2000;15000000;9902115
Where the Heart Is;2000;15000000;33771174
X-Men;2000;75000000;296339527
卧虎藏龙;2000;17000000;213525736
15 Minutes;2001;60000000;56359980
3000 Miles to Graceland;2001;62000000;18720175
A Beautiful Mind;2001;60000000;313542341
A Knight's Tale;2001;65000000;117487473
A.I. Artificial Intelligence;2001;100000000;235926552
Ali;2001;107000000;87713825
All The Queen's Men;2001;15000000;23000
Along Came a Spider;2001;60000000;105178561
American Outlaws;2001;35000000;13678913
American Pie 2;2001;30000000;287553595
Angel Eyes;2001;53000000;29700000
Antitrust;2001;30000000;18195610
Atlantis: The Lost Empire;2001;120000000;186053725
Ayurveda: Art of Being;2001;300000;2074000
Baby Boy;2001;16000000;29381649
Bandits;2001;75000000;67631903
Behind Enemy Lines;2001;40000000;91753202
Black Hawk Down;2001;92000000;172989651
Blow;2001;53000000;83282296
Bridget Jones's Diary;2001;25000000;281929795
Brigham City;2001;1000000;852206
Captain Corelli's Mandolin;2001;57000000;62112895
Cats & Dogs;2001;60000000;93375151
Corky Romano;2001;11000000;23978402
Crazy/Beautiful;2001;13000000;16929123
Crocodile Dundee in Los Angeles;2001;21150000;39438674
Domestic Disturbance;2001;75000000;54249294
Don't Say a Word;2001;50000000;100020092
Donnie Darko;2001;6000000;1270522
Dr. Dolittle 2;2001;70000000;176104344
Driven;2001;94000000;54744738
Enemy at the Gates;2001;68000000;96976270
Exit Wounds;2001;50000000;79958599
Final Fantasy: The Spirits Within;2001;137000000;85131830
Frailty;2001;11000000;13110448
From Hell;2001;35000000;74558115
Ghosts of Mars;2001;28000000;14010832
Glitter;2001;22000000;5271666
Gosford Park;2001;19800000;87754044
Hardball;2001;32000000;40222729
Harry Potter and the Philosopher's Stone;2001;125000000;976475550
Head Over Heels;2001;14000000;10424470
Hearts in Atlantis;2001;31000000;24185781
How High;2001;12000000;31155435
I Am Sam;2001;22000000;92542418
Jason X;2001;11000000;16951798
Jay and Silent Bob Strike Back;2001;22000000;33788161
Jeepers Creepers;2001;10000000;59217789
Jimmy Neutron: Boy Genius;2001;25000000;80936232
Joe Dirt;2001;17700000;30987695
Joy Ride;2001;23000000;36642838
Jurassic Park III;2001;93000000;368780809
K-PAX;2001;48000000;50315140
Kiss of the Dragon;2001;25000000;64437847
Kissing Jessica Stein;2001;1000000;10013424
Knockaround Guys;2001;15000000;12000000
L.I.E. Long Island Expressway;2001;700000;1667192
Lara Croft: Tomb Raider;2001;115000000;274703340
Le fabuleux destin d'Am�lie Poulain;2001;10000000;173921954
Le peuple migrateur;2001;35866397;20217080
Legally Blonde;2001;18000000;141774679
Lovely & Amazing;2001;250000;4186931
Made;2001;5000000;5476060
Max Keeble's Big Move;2001;12000000;17292381
Monkeybone;2001;75000000;5409517
Monster's Ball;2001;4000000;44909486
Monsters, Inc.;2001;115000000;562816256
Moulin Rouge!;2001;52500000;179213434
Mulholland Drive;2001;15000000;20117339
Not Another Teen Movie;2001;16000000;66468332
Novocaine;2001;6000000;2025238
Ocean's Eleven;2001;85000000;450717150
Original Sin;2001;42000000;35402320
Osmosis Jones;2001;75000000;13596911
Out Cold;2001;24000000;14782676
Pearl Harbor;2001;140000000;449220945
Planet of the Apes;2001;100000000;362211740
Rat Race;2001;48000000;85498534
Recess: School's Out;2001;10000000;44460850
Riding in Cars with Boys;2001;48000000;35743308
Rock Star;2001;57000000;16991902
Rush Hour 2;2001;90000000;347325802
Save the Last Dance;2001;13000000;91038276
Saving Silverman;2001;22000000;19351569
Scary Movie 2;2001;45000000;141220678
Serendipity;2001;28000000;77516304
Session 9;2001;1500000;373967
Shallow Hal;2001;40000000;141069860
Shrek;2001;60000000;484409218
Spy Game;2001;92000000;143049560
Spy Kids;2001;35000000;147934180
Summer Catch;2001;34000000;19693891
Super Troopers;2001;3000000;18492362
Sweet November;2001;40000000;65754228
Swordfish;2001;102000000;147080413
The 51st State;2001;28;14
The Animal;2001;22000000;84772742
The Believer;2001;1500000;416925
The Fast and the Furious;2001;38000000;207283925
The Glass House;2001;30000000;23619609
The Last Castle;2001;72000000;27642707
The Lord of the Rings: The Fellowship of the Ring;2001;93000000;871368364
The Majestic;2001;72000000;37317558
The Mexican;2001;57000000;147845033
The Mummy Returns;2001;98000000;433013274
The Musketeer;2001;40000000;27053815
The One;2001;49000000;72700000
The Other Side of Heaven;2001;7000000;4720371
The Pledge;2001;35000000;29400000
The Princess Diaries;2001;37000000;165335153
The Royal Tenenbaums;2001;21000000;71441250
The Score;2001;68000000;71069884
The Tailor of Panama;2001;21000000;28008462
The Wash;2001;7000000;10229331
The Wedding Planner;2001;35000000;94728529
Tomcats;2001;11000000;23430766
Town & Country;2001;90000000;10372291
Training Day;2001;45000000;104876233
Vanilla Sky;2001;68000000;203388341
Y tu mam� tambi�n;2001;5000000;33616692
Zoolander;2001;28000000;60780981
千と千尋の神隠し;2001;15000000;274925095
25th Hour;2002;15000000;13060843
28 Days Later;2002;5000000;82719885
8 Mile;2002;41000000;215000000
A Walk to Remember;2002;11000000;41227069
Abandon;2002;25000000;10719357
About Schmidt;2002;30000000;105834556
About a Boy;2002;27000000;129000000
Adaptation.;2002;19000000;32801173
All About the Benjamins;2002;14000000;25482931
Analyze That;2002;60000000;55003135
Antwone Fisher;2002;12500000;23367586
Austin Powers in Goldmember;2002;63000000;296655431
Auto Focus;2002;7000000;2062066
Bad Company;2002;70000000;65977295
Ballistic: Ecks vs. Sever;2002;70000000;19924033
Barbershop;2002;12000000;75781642
Bend It Like Beckham;2002;3500159;76578641
Big Fat Liar;2002;15000000;52970014
Big Trouble;2002;40000000;8493890
Blade II;2002;54000000;155010032
Blood Work;2002;50000000;26199517
Blue Car;2002;1000000;464000
Blue Crush;2002;25000000;51842679
Boat Trip;2002;20000000;8586376
Bowling for Columbine;2002;4000000;35564473
Brown Sugar;2002;8000000;27362712
Catch Me If You Can;2002;52000000;352114312
Changing Lanes;2002;45000000;94935764
Chicago;2002;45000000;306776732
Cidade de Deus;2002;3300000;30641770
City By The Sea;2002;40000000;22433915
Clockstoppers;2002;26000000;38793283
Collateral Damage;2002;85000000;78382433
Confessions of a Dangerous Mind;2002;30000000;33013805
Crossroads;2002;12000000;61141030
D-Tox;2002;55000000;6416302
Dark Blue;2002;15000000;9237470
Die Another Day;2002;140000000;431971116
Dragonfly;2002;60000000;52322400
Drumline;2002;20000000;57588485
Enough;2002;38000000;51801187
Equilibrium;2002;20000000;5359645
Extreme Ops;2002;40000000;10959475
Far from Heaven;2002;13500000;29027914
FearDotCom;2002;40000000;18902015
Femme Fatale;2002;35000000;16838910
Frida;2002;12000000;56298474
Friday After Next;2002;20000000;33526835
Full Frontal;2002;2000000;2506446
Gangs of New York;2002;100000000;193772504
Ghost Ship;2002;35000000;68349884
Halloween: Resurrection;2002;13000000;37664855
Harry Potter and the Chamber of Secrets;2002;100000000;876688482
Hart's War;2002;70000000;32287044
High Crimes;2002;42000000;63781810
I Spy;2002;70000000;33561137
Ice Age;2002;59000000;383257136
Igby Goes Down;2002;9000000;4777465
Insomnia;2002;46000000;113714830
Jackass: The Movie;2002;5000000;64282312
John Q;2002;36000000;102244770
K-19: The Widowmaker;2002;100000000;35168966
L'Auberge espagnole;2002;5300000;3897799
Life or Something Like It;2002;40000000;16872671
Lilo & Stitch;2002;80000000;145771527
Los lunes al sol;2002;4000000;146402
Maid in Manhattan;2002;55000000;154906693
Martin Lawrence Live: Runteldat;2002;3000000;19184015
May;2002;500000;150277
Men in Black II;2002;140000000;441818803
Men with Brooms;2002;7500000;4245870
Minority Report;2002;102000000;358372926
Moonlight Mile;2002;21000000;10011050
Mr. Deeds;2002;50000000;171269535
Murder by Numbers;2002;50000000;56714147
My Big Fat Greek Wedding;2002;5000000;368744044
Narc;2002;6500000;12633747
National Lampoon’s Van Wilder;2002;5000000;38275483
One Hour Photo;2002;12000000;52223306
Panic Room;2002;48000000;196397415
Phone Booth;2002;13000000;97837138
Punch-Drunk Love;2002;25000000;17000000
Queen of the Damned;2002;35000000;45479110
Raising Victor Vargas;2002;800000;2816116
Red Dragon;2002;78000000;209196298
Reign of Fire;2002;60000000;43061982
Resident Evil;2002;33000000;102984862
Return to Never Land;2002;20000000;109862682
Road to Perdition;2002;80000000;181001478
Salton Sea;2002;18000000;676698
Scooby-Doo;2002;84000000;275650703
Secretary;2002;4000000;9304609
Serving Sara;2002;29000000;16930185
Signs;2002;72000000;408247917
Slackers;2002;14000000;6413915
Spider-Man;2002;139000000;821708551
Spirit: Stallion of the Cimarron;2002;80000000;122563539
Spy Kids 2: The Island of Lost Dreams;2002;38000000;119723358
Star Trek: Nemesis;2002;60000000;67312826
Star Wars: Episode II - Attack of the Clones;2002;120000000;649398328
Stuart Little 2;2002;120000000;169956806
Sweet Home Alabama;2002;30000000;180622424
Swept Away;2002;10000000;598645
Swimfan;2002;8500000;34411240
Tadpole;2002;150000;2891288
The Adventures of Pluto Nash;2002;100000000;7103973
The Bourne Identity;2002;60000000;214034224
The Count of Monte Cristo;2002;35000000;75395048
The Four Feathers;2002;35000000;29882645
The Good Girl;2002;8000000;16856124
The Hours;2002;25000000;41597830
The Lord of the Rings: The Two Towers;2002;79000000;926287400
The Mothman Prophecies;2002;32000000;55157539
The Pianist;2002;35000000;120072577
The Quiet American;2002;30000000;27674124
The Rookie;2002;20000000;75597042
The Santa Clause 2;2002;65000000;172855065
The Scorpion King;2002;60000000;165333180
The Sum of All Fears;2002;68000000;193000000
The Sweetest Thing;2002;43000000;68696770
The Time Machine;2002;80000000;123729176
The Transporter;2002;21000000;43928932
Treasure Planet;2002;140000000;109578115
Two Weeks Notice;2002;60000000;93354918
Undercover Brother;2002;25000000;41604473
Undisputed;2002;20000000;12398628
Unfaithful;2002;50000000;119137784
We Were Soldiers;2002;75000000;114660784
Windtalkers;2002;115000000;77628265
xXx;2002;70000000;277448382
英雄;2002;31000000;177394432
2 Fast 2 Furious;2003;76000000;236350661
21 Grams;2003;20000000;60427839
A Guy Thing;2003;20000000;17432163
A Man Apart;2003;36000000;44350926
A Mighty Wind;2003;6000000;18750246
Agent Cody Banks;2003;28000000;58795814
Alex & Emma;2003;30000000;15368897
American Wedding;2003;55000000;231449203
Bad Boys II;2003;130000000;273339556
Bad Santa;2003;23000000;76488889
Basic;2003;50000000;42792561
Big Fish;2003;70000000;122919055
Bringing Down the House;2003;20000000;132675402
Bruce Almighty;2003;80000000;484572835
Charlie's Angels: Full Throttle;2003;120000000;259175788
Cheaper by the Dozen;2003;40000000;190212113
Cold Mountain;2003;79000000;173013509
Cradle 2 the Grave;2003;25000000;56489558
Daddy Day Care;2003;60000000;164433867
Dreamcatcher;2003;68000000;75715436
Dumb and Dumberer: When Harry Met Lloyd;2003;19000000;39267515
Duplex;2003;40000000;19322135
Elf;2003;32000000;173398518
Final Destination 2;2003;26000000;90426405
Finding Nemo;2003;94000000;940335536
Freaky Friday;2003;26000000;110230332
Freddy vs. Jason;2003;30000000;114908830
From Justin to Kelly;2003;12000000;4922166
Gigli;2003;54000000;7266209
Gods and Generals;2003;56000000;12923936
Good bye, Lenin!;2003;4800000;79384880
Gothika;2003;40000000;141591324
Hollywood Homicide;2003;75000000;51142659
Honey;2003;18000000;62646763
House of 1000 Corpses;2003;7000000;16829545
House of Sand and Fog;2003;16500000;16942795
How to Lose a Guy in 10 Days;2003;50000000;177371441
Hulk;2003;137000000;245360480
Identity;2003;30000000;90259536
In the Cut;2003;12000000;23
Intolerable Cruelty;2003;60000000;119940815
Jeepers Creepers 2;2003;17000000;63102666
Johnny English;2003;40000000;160583018
Just Married;2003;18000000;101564935
Kill Bill: Vol. 1;2003;30000000;180949000
Lara Croft Tomb Raider: The Cradle of Life;2003;95000000;156505388
Latter Days;2003;850000;819939
Legally Blonde 2: Red, White & Blonde;2003;45000000;124914842
Les Invasions barbares;2003;8000000;3432342
Les triplettes de Belleville;2003;8000000;1477676
Looney Tunes: Back in Action;2003;80000000;68514844
Lost in Translation;2003;4000000;119723856
Love Actually;2003;40000000;244931766
Mambo Italiano;2003;4361898;3031801
Marci X;2003;20000000;1675706
Master and Commander: The Far Side of the World;2003;150000000;212011111
Monster;2003;8000000;60378584
Mystic River;2003;25000000;156822020
Old School;2003;24000000;87055349
Once Upon a Time in Mexico;2003;29000000;98185582
Open Range;2003;22000000;68296293
Out of Time;2003;50000000;55495563
Party Monster;2003;5000000;742898
Paycheck;2003;60000000;96269812
Pirates of the Caribbean: The Curse of the Black Pearl;2003;140000000;655011224
Radio;2003;32000000;52277485
S.W.A.T.;2003;80000000;116643346
Scary Movie 3;2003;48000000;220673217
School of Rock;2003;35000000;131282949
Seabiscuit;2003;87000000;148336445
Shanghai Knights;2003;50000000;88323487
Shattered Glass;2003;6000000;2944752
Sinbad: Legend of the Seven Seas;2003;60000000;26288320
Something's Gotta Give;2003;80000000;266728738
Spy Kids 3-D: Game Over;2003;38000000;197011982
Stuck on You;2003;55000000;33828318
Swimming Pool;2003;7800000;22441323
Tarnation;2003;218;1162014
Tears of the Sun;2003;70000000;85632458
Terminator 3: Rise of the Machines;2003;200000000;435000000
The Book of Mormon Movie, Volume 1: The Journey;2003;2000000;1672730
The Core;2003;60000000;74208267
The Haunted Mansion;2003;90000000;182290266
The Hunted;2003;55000000;34234008
The Italian Job;2003;60000000;176070171
The Jungle Book 2;2003;20000000;135680000
The Last Samurai;2003;140000000;456758981
The League of Extraordinary Gentlemen;2003;78000000;179265204
The Life of David Gale;2003;50000000;38955598
The Lizzie McGuire Movie;2003;17000000;55534455
The Lord of the Rings: The Return of the King;2003;94000000;1118888979
The Matrix Reloaded;2003;150000000;738599701
The Matrix Revolutions;2003;150000000;424988211
The Mudge Boy;2003;800000;62852
The Order;2003;35000000;11560806
The Rundown;2003;85000000;80916492
The Station Agent;2003;500000;8679814
The Visual Bible: The Gospel of John;2003;10000000;4069090
Thirteen;2003;2000000;4601043
Timeline;2003;80000000;19480739
Tupac: Resurrection;2003;300000;7808524
Underworld;2003;22000000;95708457
Veronica Guerin;2003;17000000;1569918
Whale Rider;2003;8000000;41400000
Wonderland;2003;5000000;2466444
Wrong Turn;2003;12600000;28650575
X2;2003;110000000;407711549
올드보이;2003;3000000;14980005
13 Going on 30;2004;37000000;96455697
2046;2004;12000000;19271312
50 First Dates;2004;75000000;196482882
A Cinderella Story;2004;19000000;70067909
A Home at the End of the World;2004;6500000;1548955
AVP: Alien vs. Predator;2004;70000000;171183863
After the Sunset;2004;60000000;61347797
Against the Ropes;2004;39000000;6614280
Agent Cody Banks 2: Destination London;2004;26000000;28818995
Alexander;2004;155000000;167298192
Alfie;2004;60000000;13395939
Along Came Polly;2004;42000000;171963386
Anacondas: The Hunt for the Blood Orchid;2004;20000000;70992898
Anchorman: The Legend of Ron Burgundy;2004;26000000;90574188
Around the World in 80 Days;2004;110000000;72178895
Banlieue 13;2004;12000000;9584131
Barbershop 2:  Back in Business;2004;18000000;65070412
Before Sunset;2004;2700000;15992615
Blade: Trinity;2004;65000000;128905366
Bridget Jones: The Edge of Reason;2004;50000000;40203020
Catch That Kid;2004;18000000;16702864
Catwoman;2004;100000000;82102379
Cellular;2004;25000000;56422687
Chasing Liberty;2004;23000000;12
Closer;2004;27000000;115505027
Club Dread;2004;8500000;5001655
Collateral;2004;65000000;217764291
Confessions of a Teenage Drama Queen;2004;15000000;29331068
Connie and Carla;2004;20000000;11341016
Crash;2004;6500000;98410061
Dawn of the Dead;2004;28000000;102356381
Der Untergang;2004;18339750;92180910
Deux fr�res;2004;74500000;62172050
DodgeBall: A True Underdog Story;2004;20000000;167722310
Ella Enchanted;2004;31000000;27388767
Eternal Sunshine of the Spotless Mind;2004;20000000;72258126
EuroTrip;2004;25000000;20796847
Exorcist: The Beginning;2004;80000000;78000586
Fahrenheit 9/11;2004;6000000;119114517
Finding Neverland;2004;25000000;116766556
Flight of the Phoenix;2004;45000000;21009180
Garden State;2004;2500000;26781723
Garfield;2004;50000000;200804534
Godsend;2004;25000000;30114487
Harold & Kumar Go to White Castle;2004;9000000;23936908
Harry Potter and the Prisoner of Azkaban;2004;130000000;789804554
Hellboy;2004;66000000;99318987
Hidalgo;2004;100000000;108103450
Home on the Range;2004;110000000;103951461
Hotel Rwanda;2004;17500000;38000000
I, Robot;2004;120000000;347234916
It's All Gone Pete Tong;2004;2000000;120620
Jersey Girl;2004;35000000;36098382
Johnson Family Vacation;2004;12000000;31179516
Kill Bill: Vol. 2;2004;30000000;152159461
Ladder 49;2004;60000000;74541707
Laws of Attraction;2004;28000000;30016165
Layer Cake;2004;6500000;11850214
Little Black Book;2004;35000000;22034832
Man on Fire;2004;70000000;130293714
Mar adentro;2004;12806000;38535221
Mean Creek;2004;500000;603943
Mean Girls;2004;17000000;129042871
Meet the Fockers;2004;80000000;516642939
Million Dollar Baby;2004;30000000;216763646
Mindhunters;2004;27000000;21148829
Miracle;2004;28000000;64445708
Mr. 3000;2004;30000000;21800302
Napoleon Dynamite;2004;400000;46118097
National Treasure;2004;100000000;347451894
Ocean's Twelve;2004;110000000;362744280
Open Water;2004;130000;54667954
Paparazzi;2004;20000000;16605763
Primer;2004;7000;424760
Raise Your Voice;2004;15000000;14867514
Raising Helen;2004;50000000;49718611
Ray;2004;40000000;124731534
Resident Evil: Apocalypse;2004;45000000;129394835
Riding Giants;2004;2600000;3166000
Saw;2004;1200000;103911669
Secret Window;2004;40000000;92913171
Seed of Chucky;2004;12000000;24829644
Shall We Dance?;2004;50000000;170128460
Shark Tale;2004;75000000;367275019
Shaun of the Dead;2004;4000000;30039392
Shrek 2;2004;150000000;919838758
Sideways;2004;16000000;109502303
Sky Captain and the World of Tomorrow;2004;70000000;57958696
Soul Plane;2004;16000000;14822346
Spanglish;2004;80000000;55041367
Spider-Man 2;2004;200000000;783766341
Starsky & Hutch;2004;60000000;170268750
Super Size Me;2004;65000;28575078
Suspect Zero;2004;27000000;13000000
Team America: World Police;2004;32000000;50907422
The Alamo;2004;145000000;25819961
The Aviator;2004;116000000;102000000
The Big Bounce;2004;50000000;6808550
The Bourne Supremacy;2004;75000000;288500217
The Butterfly Effect;2004;13000000;96060858
The Chronicles of Riddick;2004;105000000;115772733
The Cookout;2004;16000000;12
The Day After Tomorrow;2004;125000000;544272402
The Girl Next Door;2004;25000000;30411183
The Grudge;2004;10000000;183474602
The Incredibles;2004;92000000;631442092
The Life Aquatic with Steve Zissou;2004;50000000;34808403
The Machinist;2004;5000000;8203235
The Manchurian Candidate;2004;80000000;96105964
The Notebook;2004;29000000;115603229
The Passion of the Christ;2004;30000000;611899420
The Phantom of the Opera;2004;70000000;154648887
The Polar Express;2004;165000000;305875730
The Princess Diaries 2: Royal Engagement;2004;40000000;95149435
The Punisher;2004;33000000;54700105
The SpongeBob SquarePants Movie;2004;30000000;140161792
The Stepford Wives;2004;90000000;102000000
The Terminal;2004;60000000;219417255
The Village;2004;60000000;256697520
The Whole Ten Yards;2004;40000000;26155781
The Work and the Glory;2004;7500000;3347647
Thunderbirds;2004;57000000;28283637
Torque;2004;40000000;46546197
Troy;2004;175000000;497409852
Vanity Fair;2004;23000000;16123851
Veer-Zaara;2004;7000000;29385320
Walking Tall;2004;56000000;57223890
Welcome to Mooseport;2004;30000000;14000000
White Chicks;2004;37000000;113086475
Wicker Park;2004;30000000;13001257
Wimbledon;2004;31000000;41512007
Win a Date with Tad Hamilton!;2004;17000000;16980098
Without a Paddle;2004;19000000;69631118
Woman Thou Art Loosed;2004;3000000;6804016
Ночной дозор;2004;4200000;32000000
ハウルの動く城;2004;24000000;234710455
功夫;2004;20000000;100914445
A History of Violence;2005;32000000;60740827
A Lot Like Love;2005;30000000;42886719
A Sound of Thunder;2005;80000000;5989640
Alone in the Dark;2005;20000000;10442808
An Unfinished Life;2005;30000000;18618284
Are We There Yet?;2005;32000000;97918663
Assault on Precinct 13;2005;30000000;35294470
Batman Begins;2005;150000000;374218673
Be Cool;2005;53000000;95226116
Beauty Shop;2005;25000000;36351350
Because of Winn-Dixie;2005;14000000;32645546
BloodRayne;2005;25000000;2405420
Boogeyman;2005;20000000;67192859
Brokeback Mountain;2005;14000000;178043761
Capote;2005;7000000;49084830
Charlie and the Chocolate Factory;2005;150000000;474968763
Cheaper by the Dozen 2;2005;60000000;129181830
Chicken Little;2005;150000000;314432665
Cinderella Man;2005;88000000;108539911
Coach Carter;2005;30000000;76669806
Corpse Bride;2005;40000000;117195061
Cry_Wolf;2005;1000000;10047674
Cursed;2005;35000000;19294901
Dark Water;2005;30000000;25473093
Dave Chappelle's Block Party;2005;3000000;11718595
Derailed;2005;22000000;57479076
Deuce Bigalow: European Gigolo;2005;22000000;22400154
Domino;2005;50000000;22944502
Doom;2005;60000000;55987321
Down in the Valley;2005;8000000;852872
Elektra;2005;43000000;56681566
Elizabethtown;2005;57000000;52034889
Fever Pitch;2005;30000000;50451307
Flightplan;2005;55000000;223387299
Four Brothers;2005;45000000;92374674
Fun with Dick and Jane;2005;100000000;202026112
Get Rich or Die Tryin';2005;40000000;46442528
Goal!: The Dream Begins;2005;30000000;27610873
Good Night, and Good Luck.;2005;7000000;54600000
Guess Who;2005;35000000;68915888
Hard Candy;2005;950000;7022209
Harry Potter and the Goblet of Fire;2005;150000000;895921036
Harsh Times;2005;2000000;5967038
Herbie Fully Loaded;2005;50000000;66002004
Hide and Seek;2005;25000000;122644820
Hitch;2005;70000000;368100420
Hoodwinked!;2005;15000000;51053787
Hostage;2005;52000000;77944725
Hostel;2005;4800000;80578934
House of Wax;2005;40000000;68766121
Hustle & Flow;2005;8000000;23563727
Ice Princess;2005;25000000;27645491
Inside Deep Throat;2005;2000000;653621
Into the Blue;2005;50000000;44434439
Jarhead;2005;72000000;96889998
Joyeux No�l;2005;22000000;17709155
Just Like Heaven;2005;58000000;102854431
Kicking & Screaming;2005;45000000;56070433
King Kong;2005;207000000;550000000
Kingdom of Heaven;2005;130000000;211643158
Kiss Kiss Bang Bang;2005;15000000;15785148
La Marche de l'empereur;2005;8000000;127392239
Land of the Dead;2005;15000000;46770602
Lord of War;2005;42000000;24127895
Lords of Dogtown;2005;25000000;13411957
Madagascar;2005;75000000;532680671
Manderlay;2005;14200000;674918
Match Point;2005;15000000;85306374
Maurice Richard;2005;8000000;2019009
Memoirs of a Geisha;2005;85000000;162242962
Mirrormask;2005;4000000;866999
Monster-in-Law;2005;43000000;154749918
Mr. & Mrs. Smith;2005;110000000;478207520
Munich;2005;70000000;130358911
Murderball;2005;300000;1750211
Must Love Dogs;2005;30000000;58405313
Nanny McPhee;2005;25000000;122489822
North Country;2005;35000000;25224242
Oliver Twist;2005;50000000;42093706
Pride & Prejudice;2005;28000000;121147947
Racing Stripes;2005;30000000;93772522
Red Eye;2005;26000000;57891803
Rent;2005;40000000;31670620
Robots;2005;75000000;260696994
Sahara;2005;130000000;119269486
Saw II;2005;4000000;152925093
Serenity;2005;39000000;38869464
Shopgirl;2005;10284523;11588205
Sin City;2005;40000000;158733820
Sky High;2005;35000000;86369815
Slow Burn;2005;15500000;1237615
Star Wars: Episode III - Revenge of the Sith;2005;113000000;850000000
Stealth;2005;135000000;76932943
Syriana;2005;50000000;94000000
Thank You for Smoking;2005;6500000;24793509
The 40 Year Old Virgin;2005;26000000;109449237
The Adventures of Sharkboy and Lavagirl;2005;50000000;69425966
The Amityville Horror;2005;19000000;108047131
The Ballad of Jack and Rose;2005;1500000;712294
The Brothers Grimm;2005;88000000;105316267
The Cave;2005;30000000;15007991
The Chronicles of Narnia: The Lion, the Witch and the Wardrobe;2005;180000000;748806957
The Constant Gardener;2005;25000000;82466670
The Curse of the Were-Rabbit;2005;30000000;192452832
The Dukes of Hazzard;2005;50000000;110803676
The Exorcism of Emily Rose;2005;19000000;144216468
The Great Raid;2005;80000000;10166502
The Greatest Game Ever Played;2005;25000000;15431177
The Hitchhiker's Guide to the Galaxy;2005;50000000;104478416
The Interpreter;2005;80000000;162944923
The Island;2005;126000000;162949164
The Jacket;2005;29000000;21126225
The Legend of Zorro;2005;75000000;142400065
The Longest Yard;2005;82000000;190320568
The Lost City;2005;9600000;4386236
The Matador;2005;10000000;17297244
The New World;2005;30000000;30536013
The Pacifier;2005;56000000;113006880
The Producers;2005;45000000;38058335
The Proposition;2005;2000000;5048693
The Quiet;2005;900000;381420
The Ring Two;2005;50000000;161451538
The Sisterhood of the Traveling Pants;2005;25000000;39053061
The Skeleton Key;2005;43000000;91974818
The Squid and the Whale;2005;1500000;11098131
The Three Burials of Melquiades Estrada;2005;15000000;12036149
The Weather Man;2005;20000000;12482775
The Wedding Date;2005;15000000;47175038
The Work and the Glory II: American Zion;2005;6500000;2025032
Transamerica;2005;1000000;13350369
Transporter 2;2005;32000000;85167639
Tsotsi;2005;3000000;9879971
Undiscovered;2005;9000000;1046166
Unleashed;2005;45000000;50871113
Valiant;2005;35000000;19478106
Waiting...;2005;3000000;18637690
Walk the Line;2005;28000000;186438883
War of the Worlds;2005;132000000;591739379
White Noise;2005;10000000;91196419
Zathura: A Space Adventure;2005;65000000;64321501
xXx: State of the Union;2005;60000000;71073932
ต้มยำกุ้ง;2005;6000000;27165581
�on Flux;2005;62000000;52304001
10th & Wolf;2006;8000000;143451
16 Blocks;2006;55000000;65664721
300;2006;65000000;422610419
A Good Year;2006;35000000;42064105
A Scanner Darkly;2006;8700000;7659918
ATL;2006;20000000;21170563
Akeelah and the Bee;2006;8000000;18948425
Alatriste;2006;24000000;23321954
All the King's Men;2006;55000000;9450897
Alone With Her;2006;1000000;10018
American Dreamz;2006;17000000;7314027
An Inconvenient Truth;2006;1000000;46243000
Apocalypto;2006;40000000;120175290
Aquamarine;2006;12000000;23006849
Arthur et les Minimoys;2006;86000000;107944236
Babel;2006;25000000;135330182
Bandidas;2006;35000000;10496317
Barnyard;2006;51000000;72779000
Basic Instinct 2;2006;70000000;38629478
Beerfest;2006;17500000;19179969
Big Momma's House 2;2006;40000000;138259062
Black Christmas;2006;9000000;21510851
Black Snake Moan;2006;15000000;10903846
Blood Diamond;2006;100000000;170877916
Bon Cop Bad Cop;2006;8000000;12671300
Borat: Cultural Learnings of America for Make Benefit Glorious Nation of Kazakhstan;2006;18000000;261572744
Cars;2006;120000000;461983149
Casino Royale;2006;150000000;599045960
Charlotte's Web;2006;85000000;144000000
Children of Men;2006;76000000;69959751
Clerks II;2006;5000000;26888376
Click;2006;82500000;237681299
Conversations with Other Women;2006;450000;973525
Crank;2006;12000000;42931041
Crossover;2006;5800000;7000000
Curious George;2006;50000000;69834815
DOA: Dead or Alive;2006;21000000;480314
Das Leben der Anderen;2006;2000000;70000000
Date Movie;2006;20000000;48548426
Dreamgirls;2006;70000000;154937680
Eight Below;2006;40000000;120455994
El laberinto del fauno;2006;19000000;83258226
Employee of the Month;2006;12000000;38368909
Eragon;2006;100000000;249288105
Facing the Giants;2006;100000;10178331
Failure to Launch;2006;50000000;88715192
Fido;2006;8000000;426224
Final Destination 3;2006;25000000;117719158
Find Me Guilty;2006;13000000;2636637
Firewall;2006;45000000;82800000
Flags of Our Fathers;2006;90000000;65900249
Flicka;2006;15000000;21000000
Flushed Away;2006;149000000;64459316
Flyboys;2006;60000000;17800000
For Your Consideration;2006;12000000;5542025
Friends with Money;2006;6500000;13368437
Fur: An Imaginary Portrait of Diane Arbus;2006;16800000;2281089
Gridiron Gang;2006;30000000;41480851
Half Nelson;2006;700000;4911725
Happily N'Ever After;2006;47000000;38085778
Happy Feet;2006;100000000;384335608
Ice Age: The Meltdown;2006;80000000;660940780
Idiocracy;2006;30000000;495303
Infamous;2006;13000000;1151330
Inside Man;2006;45000000;184376254
Jackass Number Two;2006;11000000;72778712
Just My Luck;2006;28000000;38159905
Lady in the Water;2006;75000000;42285169
Last Holiday;2006;45000000;38399961
Let's Go to Prison;2006;4000000;4630045
Letters from Iwo Jima;2006;19000000;68673228
Little Children;2006;26000000;14821658
Little Man;2006;64000000;101595121
Little Miss Sunshine;2006;8000000;100523181
Lucky Number Slevin;2006;27000000;56308881
Madea's Family Reunion;2006;6000000;57231524
Man of the Year;2006;20000000;41237648
Marie Antoinette;2006;40000000;60474340
Miss Potter;2006;30000000;35078241
Mission: Impossible III;2006;150000000;397850012
Monster House;2006;75000000;140175006
Nacho Libre;2006;32000000;80197993
Night at the Museum;2006;110000000;574480841
Notes on a Scandal;2006;15000000;49469904
One Night with the King;2006;20000000;13391174
Opal Dream;2006;5000000;140666
Open Season;2006;85000000;197309027
Over the Hedge;2006;80000000;343397247
Paris, je t'aime;2006;13000000;4857367
Perfume: The Story of a Murderer;2006;50000000;132180323
Pirates of the Caribbean: Dead Man's Chest;2006;200000000;1065659812
Poseidon;2006;160000000;181674817
Pulse;2006;38000000;29907685
Rang De Basanti;2006;2200000;11502151
Renaissance;2006;18000000;1831348
Rescue Dawn;2006;10000000;7177143
Rocky Balboa;2006;24000000;155721132
Running Scared;2006;17000000;9500000
Running with Scissors;2006;12000000;6754898
Saw III;2006;10000000;163876815
Scary Movie 4;2006;45000000;178262620
School for Scoundrels;2006;20000000;17807569
Scoop;2006;4000000;31584901
She's the Man;2006;20000000;33889159
Sherrybaby;2006;2000000;622806
Shortbus;2006;2000000;5179037
Silent Hill;2006;50000000;97607453
Smokin' Aces;2006;17000000;57103895
Snakes on a Plane;2006;33000000;62022014
Southland Tales;2006;17000000;374743
Special;2006;1000000;7202
Stay Alive;2006;9000000;27105095
Step Up;2006;12000000;114194847
Stormbreaker;2006;40000000;23937870
Stranger Than Fiction;2006;30000000;53653224
Superman Returns;2006;270000000;391081192
Take the Lead;2006;30000000;34742066
Talladega Nights: The Ballad of Ricky Bobby;2006;72500000;162966177
The Ant Bully;2006;50000000;55181129
The Astronaut Farmer;2006;13000000;11130889
The Black Dahlia;2006;50000000;49111202
The Break-Up;2006;52000000;204999686
The Covenant;2006;20000000;37597471
The Da Vinci Code;2006;125000000;767820459
The Departed;2006;90000000;289847354
The Devil Wears Prada;2006;35000000;326551094
The Fast and the Furious: Tokyo Drift;2006;85000000;158468292
The Fountain;2006;35000000;15304890
The Good German;2006;32000000;5914908
The Grudge 2;2006;20000000;39143839
The Hills Have Eyes;2006;15000000;69623713
The History Boys;2006;4000000;13401952
The Hoax;2006;25000000;11772461
The Holiday;2006;85000000;194168700
The Illusionist;2006;40000000;86915017
The Lake House;2006;40000000;114830111
The Last King of Scotland;2006;6000000;48027970
The Marine;2006;20000000;22165608
The Namesake;2006;12000000;20138836
The Prestige;2006;40000000;109676311
The Pursuit of Happyness;2006;55000000;307077295
The Queen;2006;15000000;123384128
The Sentinel;2006;60000000;77920346
The Shaggy Dog;2006;50000000;61112916
The Wind That Shakes the Barley;2006;6500000;22889018
This Is England;2006;2380000;8176544
Ultraviolet;2006;30000000;31070211
Underworld: Evolution;2006;50000000;111340801
United 93;2006;15000000;76286096
V for Vendetta;2006;54000000;132511035
Volver;2006;12899867;85582407
Vượt Sóng;2006;1300000;639000
We Are Marshall;2006;65000000;43545364
When a Stranger Calls;2006;15000000;66966987
Who Killed the Electric Car?;2006;1000000;1678874
Winter Passing;2006;3500000;113783
World Trade Center;2006;63000000;162945894
X-Men: The Last Stand;2006;210000000;459359555
You, Me and Dupree;2006;54000000;130431368
Zoom;2006;35000000;12506188
Zwartboek;2006;21000000;26193068
कभी अलविदा ना कहना;2006;7400000;17000000
괴물;2006;11000000;88489643
1408;2007;25000000;94679598
28 Weeks Later;2007;15000000;64238440
30 Days of Night;2007;30000000;75505973
3:10 to Yuma;2007;55000000;70016220
4 luni, 3 săptămîni și 2 zile;2007;852510;1185783
4: Rise of the Silver Surfer;2007;130000000;289047763
88 Minutes;2007;30000000;16930884
A Mighty Heart;2007;16000000;18928871
Aliens vs Predator: Requiem;2007;40000000;41797066
Alvin and the Chipmunks;2007;60000000;361366633
American Gangster;2007;100000000;266465037
Atonement;2007;30000000;129266061
August Rush;2007;25000000;66122026
Awake;2007;86000000;14373825
Becoming Jane;2007;16500000;37311672
Bee Movie;2007;150000000;287594577
Beowulf;2007;70000000;195735876
Bridge to Terabithia;2007;60000000;137587063
Brooklyn Rules;2007;8000000;458232
Charlie Wilson's War;2007;75000000;119000410
Code Name: The Cleaner;2007;20000000;10337477
Daddy Day Camp;2007;6000000;18197398
Death Sentence;2007;20000000;16974459
Death at a Funeral;2007;9000000;46
Diary of the Dead;2007;2000000;5364858
Disturbia;2007;20000000;117760134
Eastern Promises;2007;51500000;55112356
Elizabeth: The Golden Age;2007;55000000;74237563
Enchanted;2007;85000000;340487652
Epic Movie;2007;20000000;86865564
Evan Almighty;2007;175000000;173000000
Eye of the Dolphin;2007;2500000;71904
Freedom Writers;2007;21000000;41170784
Funny Games;2007;15000000;7938872
Ghost Rider;2007;110000000;228738393
Good Luck Chuck;2007;25000000;59192128
Gracie;2007;9000000;2955039
Grindhouse;2007;67000000;25037897
Hairspray;2007;50000000;90450008
Hannibal Rising;2007;50000000;82169884
Harry Potter and the Order of the Phoenix;2007;150000000;938212738
Hitman;2007;24000000;99965753
Hostel: Part II;2007;10200000;35619521
Hot Fuzz;2007;12000000;80573774
I Am Legend;2007;150000000;585349010
I Think I Love My Wife;2007;11000000;13196245
I'm Not There.;2007;20000000;4001121
In the Land of Women;2007;10000000;17500000
In the Valley of Elah;2007;23000000;29541790
Into the Wild;2007;15000000;56255142
Juno;2007;7500000;231411584
Knocked Up;2007;30000000;219076518
Lars and the Real Girl;2007;12000000;11293663
Le scaphandre et le papillon;2007;14000000;19777647
License to Wed;2007;35000000;69307224
Lions for Lambs;2007;35000000;63215872
Live Free or Die Hard;2007;110000000;383531464
Los cronocr�menes;2007;2600000;553198
Love in the Time of Cholera;2007;45000000;4607608
Michael Clayton;2007;25000000;92991835
Mr. Bean's Holiday;2007;25000000;229736344
Music and Lyrics;2007;40000000;145896422
My Blueberry Nights;2007;10000000;21786738
My Name Is Bruce;2007;1500000;173066
No Country for Old Men;2007;25000000;171600000
No End in Sight;2007;2000000;1431623
No Reservations;2007;28000000;92601050
Ocean's Thirteen;2007;85000000;311312624
Once;2007;160000;20710513
P.S. I Love You;2007;30000000;156835339
Paranormal Activity;2007;15000;193355800
Pirates of the Caribbean: At World's End;2007;300000000;961000000
Premonition;2007;20000000;84146832
Ratatouille;2007;150000000;623722818
Redacted;2007;5000000;782102
Reign Over Me;2007;20000000;22222308
Rendition;2007;27500000;24748670
Reno 911!: Miami;2007;10000000;20342161
Resident Evil: Extinction;2007;45000000;148412065
Run Fatboy Run;2007;10000000;33000000
Rush Hour 3;2007;140000000;258022233
Saw IV;2007;10000000;139352633
Shooter;2007;61000000;95696996
Shrek the Third;2007;160000000;798958165
Sicko;2007;9000000;24538513
Spider-Man 3;2007;258000000;890871626
Stardust;2007;70000000;135560026
Stomp the Yard;2007;13000000;75511123
Sunshine;2007;50000000;32017803
Superbad;2007;20000000;121463226
Surf's Up;2007;85000000;149044513
Sydney White;2007;16500000;13620075
TMNT;2007;34000000;95608995
Taxi to the Dark Side;2007;1000000;274661
The Assassination of Jesse James by the Coward Robert Ford;2007;30000000;14711793
The Bourne Ultimatum;2007;70000000;442824138
The Bucket List;2007;45000000;175372502
The Death and Life of Bobby Z;2007;22000000;413454
The Game Plan;2007;22000000;147880543
The Golden Compass;2007;180000000;372234864
The Good Night;2007;15000000;20380
The Great Debaters;2007;15000000;30226144
The Invasion;2007;80000000;15071514
The Kingdom;2007;70000000;86658558
The Kite Runner;2007;20000000;73276047
The Last Legion;2007;67000000;25303038
The Mist;2007;18000000;57096190
The Number 23;2007;30000000;77566815
The Reaping;2007;40000000;62771059
The Simpsons Movie;2007;75000000;527068851
There Will Be Blood;2007;25000000;77208711
Things We Lost in the Fire;2007;16000000;2849142
Transformers;2007;150000000;709709780
U2 3D;2007;15000000;22730842
Virgin Territory;2007;38000000;5410749
Waitress;2007;2000000;22179430
Walk Hard: The Dewey Cox Story;2007;35000000;18317151
War;2007;25000000;40452643
We Own the Night;2007;21000000;54926886
Why Did I Get Married?;2007;15000000;55184721
You Kill Me;2007;4000000;2426851
Zodiac;2007;65000000;84785914
[REC];2007;1500000;30448000
Монгол;2007;18000000;26527510
디워;2007;70000000;53587404
21;2008;35000000;69823199
27 Dresses;2008;30000000;160259319
An American Carol;2008;20000000;7000000
Appaloosa;2008;20000000;20211394
Ast�rix aux Jeux Olympiques;2008;97250400;132900000
Australia;2008;130000000;49554002
Baby Mama;2008;30000000;63833449
Babylon A.D.;2008;70000000;72108608
Bangkok Dangerous;2008;45000000;42487390
Bedtime Stories;2008;80000000;212874442
Beverly Hills Chihuahua;2008;20000000;149281606
Bienvenue chez les ch'tis;2008;11000000;53191886
Blindness;2008;25000000;19844979
Body of Lies;2008;70000000;113280098
Bolt;2008;150000000;309979994
Bottle Shock;2008;5000000;4040588
Bronson;2008;230000;2260712
Burn After Reading;2008;37000000;163720069
Changeling;2008;55000000;113020255
Chi bi;2008;80341000;127814609
Choke;2008;3000000;3830137
City of Ember;2008;55000000;17869048
Cloverfield;2008;25000000;170764026
College;2008;7000000;6230276
Death Race;2008;45000000;73762516
Die Welle;2008;7500000;19000000
Disaster Movie;2008;25000000;14109284
Dolphins and Whales: Tribes of the Ocean;2008;6000000;7518876
Doomsday;2008;30000000;22211426
Doubt;2008;20000000;50907234
Eagle Eye;2008;80000000;178066569
Fireproof;2008;500000;33456317
Fool's Gold;2008;70000000;111231041
Forgetting Sarah Marshall;2008;30000000;105173115
Four Christmases;2008;80000000;163733697
Get Smart;2008;80000000;230685453
Gran Torino;2008;33000000;269958228
Hancock;2008;150000000;624029371
Harold & Kumar Escape from Guantanamo Bay;2008;12000000;43493123
Hellboy II: The Golden Army;2008;85000000;160388063
How to Lose Friends & Alienate People;2008;27000000;17286299
In Bruges;2008;15000000;34533783
Indiana Jones and the Kingdom of the Crystal Skull;2008;185000000;786636033
Inkheart;2008;60000000;57490374
Iron Man;2008;140000000;585174222
Journey to the Center of the Earth;2008;45000000;101702060
Jumper;2008;85000000;222231186
Kung Fu Panda;2008;130000000;631744560
Lakeview Terrace;2008;20000000;27640028
Leatherheads;2008;58000000;41299492
Madagascar: Escape 2 Africa;2008;150000000;603900354
Made of Honor;2008;40000000;84601681
Mamma Mia!;2008;52000000;609841637
Marley & Me;2008;60000000;244082376
Max Payne;2008;35000000;85416905
Meet Dave;2008;60000000;50650079
Meet the Spartans;2008;30000000;84646831
Milk;2008;20000000;54586584
Miracle at St. Anna;2008;45000000;9323833
Mirrors;2008;35000000;72436439
My Best Friend's Girl;2008;20000000;36620508
Never Back Down;2008;20000000;41627431
Nick and Norah's Infinite Playlist;2008;9000000;32973937
Nim's Island;2008;37000000;100076342
Obitaemyy Ostrov;2008;36500000;21834845
Ong Bak 2;2008;8500000;8936663
Oorlogswinter;2008;4000000;530048
Pineapple Express;2008;27000000;101624843
Pride and Glory;2008;30000000;31148328
Punisher: War Zone;2008;20500000;10089373
Quantum of Solace;2008;200000000;586090727
Quarantine;2008;12000000;40855419
Revolutionary Road;2008;35000000;75225693
Righteous Kill;2008;60000000;73174566
Roadside Romeo;2008;7000000;1100000
RockNRolla;2008;18000000;25739015
Role Models;2008;28000000;92380927
Saw V;2008;10800000;113857533
Seven Pounds;2008;55000000;168167691
Sex Drive;2008;19000000;18755936
Sleep Dealer;2008;2500000;107559
Slumdog Millionaire;2008;15000000;377910544
Space Chimps;2008;37000000;63800345
Speed Racer;2008;120000000;93945766
Stargate: The Ark of Truth;2008;7000000;8900000
Step Brothers;2008;65000000;128107642
Step Up 2: The Streets;2008;23000000;150816700
Stop-Loss;2008;25000000;11207130
Street Kings;2008;20000000;65569869
Sunshine Cleaning;2008;5000000;16174377
Superhero Movie;2008;35000000;25871834
Surfer, Dude;2008;6000000;69497
Swing Vote;2008;21000000;17600000
Taken;2008;25000000;226830568
The Bank Job;2008;20000000;64822796
The Boy in the Striped Pyjamas;2008;12500000;20416563
The Brothers Bloom;2008;20000000;5530764
The Chronicles of Narnia: Prince Caspian;2008;225000000;419651413
The Curious Case of Benjamin Button;2008;150000000;333932083
The Dark Knight;2008;185000000;1004558444
The Day the Earth Stood Still;2008;80000000;233093859
The Express;2008;40000000;9793496
The Eye;2008;12000000;56309766
The Forbidden Kingdom;2008;55000000;127906624
The Happening;2008;60000000;163403799
The House Bunny;2008;25000000;70442940
The Hurt Locker;2008;15000000;42000000
The Incredible Hulk;2008;150000000;163712074
The Informers;2008;18000000;382174
The Love Guru;2008;62000000;41819064
The Midnight Meat Train;2008;15000000;3533227
The Mummy: Tomb of the Dragon Emperor;2008;145000000;401128639
The Reader;2008;32000000;113019290
The Rocker;2008;15000000;8762890
The Secret Life of Bees;2008;11000000;38105395
The Sisterhood of the Traveling Pants 2;2008;27000000;44352417
The Spiderwick Chronicles;2008;90000000;162839667
The Spirit;2008;60000000;39031337
The Tale of Despereaux;2008;60000000;50877145
The Wackness;2008;6000000;2899975
The Women;2008;16000000;50007546
The Wrestler;2008;6000000;44703995
The X Files: I Want to Believe;2008;30000000;68369434
The Yellow Handkerchief;2008;15000000;317000
Transsiberian;2008;15000000;5926410
Tropic Thunder;2008;92000000;188072649
Twilight;2008;37000000;392616625
Two Lovers;2008;12000000;3148182
Untraceable;2008;35000000;32483410
Valkyrie;2008;75000000;200276000
Vals Im Bashir;2008;2000000;11125849
Vantage Point;2008;40000000;151161491
Vicky Cristina Barcelona;2008;15000000;96408652
W.;2008;25100000;29506464
WALL�E;2008;180000000;521311860
Wanted;2008;75000000;258270008
War, Inc.;2008;5000000;1296184
Welcome Home Roscoe Jenkins;2008;35000000;43650785
What Happens in Vegas;2008;35000000;170000000
What Just Happened;2008;25000000;6673422
Yes Man;2008;70000000;225990978
You Don't Mess with the Zohan;2008;90000000;201596308
Zack and Miri Make a Porno;2008;24000000;42105111
崖の上のポニョ;2008;41677699;187479518
黃石的孩子;2008;40000000;7400000
(500) Days of Summer;2009;7500000;60722734
12 Rounds;2009;20000000;17280326
17 Again;2009;20000000;136267476
2012;2009;200000000;769653595
9;2009;30000000;48428063
A Christmas Carol;2009;200000000;325233863
A Perfect Getaway;2009;14000000;22852638
A Serious Man;2009;7000000;31430334
Adventureland;2009;9500000;17164377
Agora;2009;70000000;39041505
Aliens in the Attic;2009;45000000;57881056
All About Steve;2009;15000000;40105542
Alvin and the Chipmunks: The Squeakquel;2009;75000000;443140005
An Education;2009;7500000;26096852
Angels & Demons;2009;150000000;356613439
Armored;2009;20000000;22942221
Astro Boy;2009;65000000;44091067
Avatar;2009;237000000;2787965087
Away We Go;2009;17000000;14899417
Bandslam;2009;20000000;5210988
Bran Nue Dae;2009;7;7
Bride Wars;2009;30000000;114663461
Bright Star;2009;8500000;4440055
Brooklyn's Finest;2009;17000000;29536299
Brothers;2009;26000000;43318349
Capitalism: A Love Story;2009;20000000;17436509
Case 39;2009;27000000;29000000
Chloe;2009;15000000;8459458
Ch�ri;2009;23000000;9366227
Cirque du Freak: The Vampire's Assistant;2009;40000000;28169671
City Island;2009;6000000;6670712
Cloudy with a Chance of Meatballs;2009;100000000;242988466
Coraline;2009;60000000;124596398
Couples Retreat;2009;70000000;171844840
Crank: High Voltage;2009;20000000;34560577
Crazy Heart;2009;7000000;39462438
Daybreakers;2009;20000000;51416464
Defendor;2009;3500000;44462
Did You Hear About the Morgans?;2009;58000000;85280250
District 9;2009;30000000;210819611
Down Terrace;2009;31192;10000
Drag Me to Hell;2009;30000000;90810892
Duplicity;2009;78146652;60000000
D�d sn�;2009;800000;1984662
El secreto de sus ojos;2009;2000000;33965843
Enter the Void;2009;13000000;754249
Extract;2009;8000000;10848783
Fantastic Mr. Fox;2009;40000000;46471023
Fish Tank;2009;3000000;2357852
Funny People;2009;75000000;61458982
G-Force;2009;150000000;292817841
G.I. Joe: The Rise of Cobra;2009;175000000;302469017
Gamer;2009;50000000;40828540
Hachi: A Dog's Tale;2009;16000000;47801389
Halloween II;2009;15000000;39421467
Hannah Montana: The Movie;2009;35000000;155545279
Harry Brown;2009;7300000;10329747
Harry Potter and the Half-Blood Prince;2009;250000000;933959197
He's Just Not That Into You;2009;40000000;177259441
Hotel for Dogs;2009;35000000;73034460
I Hope They Serve Beer in Hell;2009;7000000;1429299
I Love You Phillip Morris;2009;13000000;10652035
I Love You, Man;2009;41000000;91636986
Ice Age: Dawn of the Dinosaurs;2009;90000000;886686817
Inglourious Basterds;2009;70000000;319131050
Invictus;2009;60000000;122233971
It's Complicated;2009;85000000;219103655
Janky Promoters;2009;10000000;9069
Jennifer's Body;2009;16000000;31556061
Julie & Julia;2009;40000000;129540499
Knowing;2009;50000000;155446362
Land of the Lost;2009;100000000;68688831
Law Abiding Citizen;2009;53000000;126690726
Life During Wartime;2009;4500000;744816
Love Happens;2009;18000000;36133014
Mao's Last Dancer;2009;25000000;20719451
Me and Orson Welles;2009;25000000;2336172
Micmacs � tire-larigot;2009;33000000;14000000
Monsters vs Aliens;2009;175000000;381509870
Moon;2009;5000000;9760104
My Bloody Valentine;2009;15000000;100734718
My Life in Ruins;2009;17000000;20455276
My Sister's Keeper;2009;30000000;95714875
New in Town;2009;8000000;29010817
Night at the Museum: Battle of the Smithsonian;2009;150000000;413106170
Nine;2009;80000000;53825515
Ninja Assassin;2009;40000000;60462347
Old Dogs;2009;35000000;92219310
Ondine;2009;12000000;1644755
Orphan;2009;20000000;41596251
Pandorum;2009;33000000;20645327
Paul Blart: Mall Cop;2009;26000000;183293131
Planet 51;2009;70000000;104945765
Pontypool;2009;1500000;32000
Post Grad;2009;15000000;6405245
Precious;2009;10000000;47536959
Public Enemies;2009;80000000;214104620
Race to Witch Mountain;2009;50000000;106303988
Saint John of Las Vegas;2009;3800000;111731
Saw VI;2009;11000000;68233629
Sherlock Holmes;2009;90000000;524028679
Shorts;2009;40000000;28972508
Solitary Man;2009;15000000;5024782
Sorority Row;2009;12500000;27206120
Soul Kitchen;2009;5000000;17872796
Star Trek;2009;150000000;385680446
State of Play;2009;60000000;87784194
Street Fighter: The Legend of Chun-Li;2009;50000000;12764201
Surrogates;2009;80000000;122444772
Terminator Salvation;2009;200000000;371353001
The Bad Lieutenant: Port of Call - New Orleans;2009;25000000;10589102
The Blind Side;2009;29000000;309208309
The Boat That Rocked;2009;50000000;36348784
The Boondock Saints II: All Saints Day;2009;8000000;10629321
The Box;2009;30000000;33333531
The Final Destination;2009;40000000;186167139
The Fourth Kind;2009;10000000;42333295
The Hangover;2009;35000000;459270619
The Imaginarium of Doctor Parnassus;2009;30000000;64352607
The Informant!;2009;22000000;35424826
The International;2009;50000000;60161391
The Invention of Lying;2009;18500000;31912793
The Joneses;2009;10000000;7022728
The Last House on the Left;2009;15000000;32721635
The Lovely Bones;2009;65000000;93525586
The Men Who Stare at Goats;2009;24000000;68729358
The Messenger;2009;6500000;1521261
The Princess and the Frog;2009;105000000;267045765
The Proposal;2009;40000000;317375031
The Road;2009;32000000;27635305
The Soloist;2009;60000000;31720158
The Taking of Pelham 1 2 3;2009;100000000;150166126
The Time Traveler's Wife;2009;39000000;101229792
The Twilight Saga: New Moon;2009;50000000;709827462
The Ugly Truth;2009;38000000;205298907
The Unborn;2009;16000000;76514050
The Young Victoria;2009;35000000;27409889
Transformers: Revenge of the Fallen;2009;150000000;836297228
Underworld: Rise of the Lycans;2009;35000000;91353501
Up;2009;175000000;735099082
Up in the Air;2009;25000000;163670000
Watchmen;2009;130000000;185258983
Whatever Works;2009;15000000;35097815
Where the Wild Things Are;2009;100000000;100086793
Whip It;2009;15000000;16633035
Whiteout;2009;40000000;12206028
World's Greatest Dad;2009;10000000;295750
X-Men Origins: Wolverine;2009;150000000;373062864
Year One;2009;60000000;62357900
Zombieland;2009;23600000;102391382
[REC]�;2009;5600000;18469680
十月圍城;2009;23000000;5837674
南京!南京!;2009;12000000;10652498
해운대;2009;16000000;11301649
127 Hours;2010;18000000;35692920
After.Life;2010;4500000;3606395
Alice in Wonderland;2010;200000000;1025491110
Alpha and Omega;2010;20000000;39300000
Another Year;2010;8000000;18124262
Barney's Version;2010;30000000;8454301
Beginners;2010;3200000;5332926
Black Swan;2010;13000000;327803731
Blue Valentine;2010;3500000;16566240
Buried;2010;1987650;19152480
Burlesque;2010;55000000;89519773
Ca$h;2010;7000000;46488
Carlos;2010;18000000;871279
Casino Jack;2010;12500000;1083683
Cats & Dogs 2 : The Revenge of Kitty Galore;2010;85000000;112483764
Centurion;2010;12000000;6814789
Charlie St. Cloud;2010;44000000;48190704
Clash of the Titans;2010;125000000;232713139
Cop Out;2010;30000000;55583804
Country Strong;2010;15000000;20529194
Date Night;2010;55000000;152263880
Dear John;2010;25000000;114977104
Des hommes et des dieux;2010;4000000;41424067
Despicable Me;2010;69000000;543513985
Devil;2010;10000000;33583175
Diary of a Wimpy Kid;2010;15000000;75700498
Dinner for Schmucks;2010;69000000;86387857
Don't Be Afraid of the Dark;2010;25000000;36993168
Due Date;2010;65000000;211780824
Easy A;2010;8000000;74952305
Eat Pray Love;2010;60000000;204594016
Edge of Darkness;2010;80000000;74901339
Elle s'appelait Sarah;2010;10000000;17511906
Everything Must Go;2010;5000000;2614773
Extraordinary Measures;2010;31000000;15134293
Fair Game;2010;22000000;24188922
Faster;2010;24000000;23081726
Flipped;2010;14000000;1755212
Four Lions;2010;967686;4270000
Freakonomics;2010;3000000;103735
From Paris with Love;2010;52000000;52826594
Furry Vengeance;2010;35000000;39340177
Get Him to the Greek;2010;40000000;90029656
Going the Distance;2010;32000000;42045846
Green Zone;2010;100000000;94882889
Grown Ups;2010;80000000;271430189
Gulliver's Travels;2010;112000000;237382724
Hereafter;2010;50000000;105197635
Hesher;2010;7000000;382946
Hot Tub Time Machine;2010;36000000;64572262
How Do You Know;2010;120000000;48668907
How to Train Your Dragon;2010;165000000;494878759
I Spit on Your Grave;2010;2000000;572809
Incendies;2010;6800000;7103838
Inception;2010;160000000;825532764
Inside Job;2010;2000000;7871522
Insidious;2010;1500000;97009150
Iron Man 2;2010;200000000;623933331
It's Kind of a Funny Story;2010;8000000;6491240
Jackass 3D;2010;20000000;117224271
Jonah Hex;2010;47000000;10539000
Kick-Ass;2010;28000000;96188903
Killers;2010;75000000;98159963
Knight and Day;2010;117000000;261930431
Leap Year;2010;19000000;29922472
Legend of the Guardians: The Owls of Ga'Hoole;2010;80000000;140073390
Legion;2010;26000000;67918658
Les petits mouchoirs;2010;25000000;48531470
Let Me In;2010;20000000;24145613
Little Fockers;2010;100000000;310650585
Love & Other Drugs;2010;30000000;102820008
MacGruber;2010;10000000;6110000
Machete;2010;20000000;31327899
Marmaduke;2010;50000000;83761844
Megamind;2010;130000000;321887208
Mine vaganti;2010;7000000;8220215
Monsters;2010;500000;4242978
Morning Glory;2010;40000000;58785180
My Name Is Khan;2010;12000000;42345360
My Soul to Take;2010;25000000;19829957
Nanny McPhee and the Big Bang;2010;35000000;93246388
Never Let Me Go;2010;15000000;9455232
Our Family Wedding;2010;14000000;21409028
Paranormal Activity 2;2010;3000000;177512032
Percy Jackson & the Olympians: The Lightning Thief;2010;95000000;226497209
Piranha 3D;2010;24000000;83188165
Predators;2010;40000000;126248813
Prince of Persia: The Sands of Time;2010;150000000;335154643
Princess Kaiulani;2010;9000000;771499
RED;2010;58000000;71664962
Rabbit Hole;2010;5000000;5129058
Repo Men;2010;32000000;18409891
Resident Evil: Afterlife;2010;60000000;300228084
Robin Hood;2010;200000000;310669540
Rubber;2010;500000;98017
Salt;2010;110000000;293329073
Saw 3D;2010;20000000;136150434
Scott Pilgrim vs. the World;2010;60000000;47664559
Sea Rex 3D: Journey to a Prehistoric World;2010;5000000;4074023
Secretariat;2010;35000000;60251371
Sex and the City 2;2010;100000000;288347692
She's Out of My League;2010;20000000;49779728
Shrek Forever After;2010;165000000;752600867
Shutter Island;2010;80000000;294804195
Skyline;2010;10000000;66821036
Space Battleship Yamato;2010;12000000;11212294
Stake Land;2010;650000;33245
Step Up 3D;2010;30000000;159291809
Stone;2010;22000000;9479718
Super;2010;2500000;324138
TRON: Legacy;2010;170000000;400062763
Takers;2010;32000000;69055695
Tangled;2010;260000000;591794936
The American;2010;20000000;65464324
The Back-Up Plan;2010;35000000;77477008
The Book of Eli;2010;80000000;157107755
The Bounty Hunter;2010;40000000;136000000
The Chronicles of Narnia: The Voyage of the Dawn Treader;2010;155000000;415686217
The Conspirator;2010;25000000;15478800
The Crazies;2010;20000000;54956140
The Debt;2010;20000000;45636368
The Expendables;2010;80000000;274470394
The Extra Man;2010;7000000;453079
The Fighter;2010;25000000;93617009
The Ghost Writer;2010;45000000;60222298
The Kids Are All Right;2010;3500000;34705850
The King's Speech;2010;15000000;414211549
The Last Airbender;2010;150000000;318502923
The Last Exorcism;2010;1800000;67738090
The Last Godfather;2010;13400000;16700000
The Losers;2010;25000000;23580000
The Next Three Days;2010;30000000;51148651
The Nutcracker: The Untold Story;2010;90000000;16178959
The Other Guys;2010;100000000;170432927
The Perfect Game;2010;12500000;3878993
The Runaways;2010;10000000;2995811
The Social Network;2010;40000000;224920315
The Sorcerer's Apprentice;2010;150000000;215283742
The Spy Next Door;2010;28000000;45236543
The Switch;2010;19000000;49830607
The Tempest;2010;20000000;346594
The Tourist;2010;100000000;278731369
The Town;2010;37000000;154026136
The Twilight Saga: Eclipse;2010;68000000;698491347
The Virginity Hit;2010;2000000;563706
The Warrior's Way;2010;42000000;11087569
Tiny Furniture;2010;65000;416498
Toy Story 3;2010;200000000;1066969703
Trolljegeren;2010;3500000;4159678
True Grit;2010;38000000;252276927
Trust;2010;9500000;120000
Tucker and Dale vs Evil;2010;5000000;5476793
Unstoppable;2010;100000000;167805466
Valentine's Day;2010;52000000;216485654
Vampires Suck;2010;20000000;80547866
Wall Street: Money Never Sleeps;2010;70000000;134748021
Why Did I Get Married Too?;2010;20000000;60072596
Wild Target;2010;8000000;3453043
Winter's Bone;2010;2000000;13831503
Yogi Bear;2010;80000000;201584141
You Again;2010;20000000;32005248
Белка и Стрелка. Звёздные собаки;2010;25000000;6500000
30 Minutes or Less;2011;28000000;40547440
5 Days of War;2011;20000000;17479
50/50;2011;8000000;39187783
A Better Life;2011;10000000;1759252
A Dangerous Method;2011;15000000;27462041
A Lonely Place to Die;2011;4000000;25345000
A Very Harold & Kumar Christmas;2011;19000000;35387212
Abduction;2011;35000000;82087155
Albert Nobbs;2011;8000000;5634828
Alvin and the Chipmunks: Chipwrecked;2011;75000000;342695435
Anonymous;2011;30000000;15395087
Another Earth;2011;100000;1776935
Another Happy Day;2011;4000000;355688
Apollo 18;2011;5000000;25562924
Attack the Block;2011;14350531;3964682
Bad Teacher;2011;20000000;216197492
Battle: Los Angeles;2011;70000000;202466756
Beastly;2011;17000000;43165571
Big Mommas: Like Father, Like Son;2011;32000000;83615414
Bridesmaids;2011;32500000;288383523
Captain America: The First Avenger;2011;140000000;370569774
Carnage;2011;25000000;27603069
Cars 2;2011;200000000;559852396
Colombiana;2011;40000000;60965854
Contagion;2011;60000000;137551594
Coriolanus;2011;7700000;1072602
Courageous;2011;1000000;34522221
Crazy, Stupid, Love.;2011;50000000;142851197
Diary of a Wimpy Kid: Rodrick Rules;2011;21000000;72417394
Dolphin Tale;2011;37000000;95404397
Dream House;2011;50000000;38502340
Drive;2011;15000000;78054825
Drive Angry;2011;50000000;28931401
Dylan Dog: Dead of Night;2011;20000000;4634062
Extremely Loud & Incredibly Close;2011;40000000;55247881
Fast Five;2011;125000000;626137675
Final Destination 5;2011;47000000;157887643
Friends with Benefits;2011;35000000;150483765
Fright Night;2011;17000000;24922237
Ghost Rider: Spirit of Vengeance;2011;57000000;149217355
Glee: The Concert Movie;2011;9000000;18663238
Green Lantern;2011;200000000;219851172
Hall Pass;2011;36000000;83160734
Hanna;2011;30000000;63782078
Happy Feet Two;2011;130000000;150406466
Haywire;2011;23000000;33372606
Higher Ground;2011;2000000;841733
Hobo with a Shotgun;2011;3000000;748453
Hoodwinked Too! Hood VS. Evil;2011;30000000;13521829
Hop;2011;63000000;183953723
Horrible Bosses;2011;35000000;117000000
Hugo;2011;170000000;185770160
I Am Number Four;2011;50000000;144492830
I Don't Know How She Does It;2011;24000000;30551495
Immortals;2011;75000000;226904017
In Time;2011;40000000;173930596
In the Land of Blood and Honey;2011;10000000;303877
J. Edgar;2011;35000000;84606030
Jack and Jill;2011;79000000;149673788
Jeff, Who Lives at Home;2011;10000000;4417580
Johnny English Reborn;2011;45000000;160078586
Jumping the Broom;2011;6600000;37710610
Just Go with It;2011;80000000;214918407
Justin Bieber: Never Say Never;2011;13000000;98441954
Kill List;2011;500000;171760
Killer Elite;2011;66000000;57777106
Killer Joe;2011;10000000;3665069
Kung Fu Panda 2;2011;150000000;665692281
L!fe Happens;2011;930000;30905
Larry Crowne;2011;30000000;36160375
Like Crazy;2011;250000;3542353
Machine Gun Preacher;2011;30000000;2527904
Margaret;2011;14000000;46495
Margin Call;2011;3500000;19504039
Mars Needs Moms;2011;150000000;38992758
Melancholia;2011;7400000;21817298
Midnight in Paris;2011;30000000;151119219
Mission: Impossible - Ghost Protocol;2011;145000000;694713380
Moneyball;2011;50000000;110206216
Monte Carlo;2011;20000000;17425000
Mr. Popper's Penguins;2011;55000000;187361754
My Week with Marilyn;2011;6400000;35057696
New Year's Eve;2011;56000000;142044638
No Strings Attached;2011;25000000;147780440
One Day;2011;15000000;59389433
Our Idiot Brother;2011;10000000;17273593
Paranormal Activity 3;2011;5000000;205703818
Paul;2011;40000000;97552050
Pink Ribbons, Inc.;2011;900000;25000
Pirates of the Caribbean: On Stranger Tides;2011;380000000;1045713802
Priest;2011;60000000;78309131
Prom;2011;8000000;10130000
Puss in Boots;2011;130000000;554987477
Rango;2011;135000000;245724603
Real Steel;2011;110000000;299268508
Red Riding Hood;2011;42000000;89162162
Red State;2011;4000000;1104682
Rio;2011;90000000;484635760
Rise of the Planet of the Apes;2011;93000000;482860185
Sanctum;2011;30000000;108609310
Scream 4;2011;40000000;97138686
Serbuan maut;2011;1100000;4105187
Shame;2011;6500000;17693675
Shark Night;2011;28000000;10126458
Sherlock Holmes: A Game of Shadows;2011;125000000;334615000
Silent House;2011;2000000;13101672
Snow Flower and the Secret Fan;2011;134005;1332231
Something Borrowed;2011;35000000;59901913
Soul Surfer;2011;18000000;47088990
Source Code;2011;32000000;147332697
Spy Kids: All the Time in the World;2011;27000000;85564310
Straw Dogs;2011;25000000;10324441
Sucker Punch;2011;82000000;89792502
Super 8;2011;50000000;260095987
Take Me Home Tonight;2011;19000000;6928068
Take Shelter;2011;5000000;3099314
The 5th Quarter;2011;6000000;399611
The Adjustment Bureau;2011;50200000;127869379
The Adventures of Tintin;2011;130000000;371940071
The Artist;2011;15000000;133432856
The Awakening;2011;4798235;209696
The Beaver;2011;21000000;970816
The Best Exotic Marigold Hotel;2011;10000000;136836156
The Big Year;2011;41000000;7448385
The Change-Up;2011;52000000;75450437
The Darkest Hour;2011;30000000;64626786
The Descendants;2011;20000000;177243185
The Devil's Double;2011;19100000;5728213
The Dilemma;2011;70000000;67112664
The Divide;2011;3000000;22000
The Girl with the Dragon Tattoo;2011;90000000;232617430
The Grace Card;2011;200000;2295733
The Green Hornet;2011;120000000;227817248
The Guard;2011;6000000;19560274
The Hangover Part II;2011;80000000;254455986
The Help;2011;25000000;124272124
The Ides of March;2011;12500000;75993061
The Innkeepers;2011;750000;78396
The Iron Lady;2011;13000000;114956699
The Lincoln Lawyer;2011;40000000;85412898
The Mechanic;2011;40000000;51070807
The Muppets;2011;45000000;165184237
The Rite;2011;37000000;96047633
The Roommate;2011;16000000;40492759
The Sitter;2011;25000000;34942188
The Smurfs;2011;110000000;563749323
The Three Musketeers;2011;75000000;132274484
The Tree of Life;2011;32000000;54674226
Thor;2011;150000000;449326618
Tower Heist;2011;75000000;152930623
Transformers: Dark of the Moon;2011;195000000;1123746996
Unknown;2011;30000000;130786397
War Horse;2011;66000000;177584879
Warrior;2011;25000000;23057115
Water for Elephants;2011;38000000;114156230
We Bought a Zoo;2011;50000000;120081841
We Need to Talk About Kevin;2011;7000000;6038942
Weekend;2011;8000;469947
What's Your Number?;2011;20000000;30426096
Winnie the Pooh;2011;30000000;14460000
X-Men: First Class;2011;160000000;353624124
Young Adult;2011;12000000;22939027
Your Highness;2011;49900000;26121638
Your Sister's Sister;2011;125000;3200000
Zookeeper;2011;80000000;169852759
兔侠传奇;2011;19000000;2570000
辛亥革命;2011;30000000;108348
金陵十三釵;2011;94000000;95311434
2016: Obama's America;2012;2500000;33400000
21 Jump Street;2012;42000000;201585328
A Thousand Words;2012;40000000;22044277
Abraham Lincoln: Vampire Hunter;2012;69000000;112265139
Act of Valor;2012;12000000;81272766
Alex Cross;2012;45000000;30353232
American Reunion;2012;50000000;234989584
Amour;2012;8900000;19839492
Arbitrage;2012;12000000;35485056
Argo;2012;44500000;232324128
Bachelorette;2012;3000000;11947954
Battleship;2012;209000000;303025485
Beasts of the Southern Wild;2012;1800000;21107746
Bernie;2012;5000000;9206470
Big Miracle;2012;40000000;24719215
Brave;2012;185000000;538983207
Burn;2012;225000;111300
Chronicle;2012;15000000;145000000
Cloud Atlas;2012;102000000;130482868
Contraband;2012;25000000;63100000
Dark Shadows;2012;150000000;245527149
Deadfall;2012;12000000;66351
Diary of a Wimpy Kid: Dog Days;2012;22000000;77112176
Django Unchained;2012;100000000;425368238
Dredd;2012;50000000;41037742
End of Watch;2012;7000000;48126384
Ernest et C�lestine;2012;12516654;8109160
Flight;2012;31000000;161772375
Foodfight!;2012;65000000;73706
For Greater Glory - The True Story of Cristiada;2012;12000000;9622846
For a Good Time, Call...;2012;850000;1243961
Frankenweenie;2012;39000000;35287788
Fun Size;2012;14000000;11417362
Hit & Run;2012;2000000;14400000
Hope Springs;2012;30000000;114281051
Hotel Transylvania;2012;85000000;358375603
House at the End of the Street;2012;6900000;44287131
Ice Age: Continental Drift;2012;95000000;877244782
Jack Reacher;2012;60000000;218340595
Jagal;2012;1000000;444575
Jagten;2012;3800000;16800000
John Carter;2012;260000000;284139100
Journey 2: The Mysterious Island;2012;79000000;355692760
Katy Perry: Part of Me;2012;12000000;32726956
Killing Them Softly;2012;15000000;37930465
Les Mis�rables;2012;61000000;441809770
Life of Pi;2012;120000000;609016565
Lincoln;2012;65000000;275293450
Lo imposible;2012;42000000;180274123
Lockout;2012;20000000;32204030
Looper;2012;30000000;47042000
Madagascar 3: Europe's Most Wanted;2012;145000000;746921274
Magic Mike;2012;7000000;167221571
Man on a Ledge;2012;42000000;46221189
Maniac;2012;6000000;31081
Men in Black 3;2012;225000000;624026776
Mirror Mirror;2012;85000000;183018522
Moonrise Kingdom;2012;16000000;68263166
On the Road;2012;25000000;8784318
One for the Money;2012;40000000;36893721
ParaNorman;2012;60000000;107139399
Paranormal Activity 4;2012;5000000;142817992
Parental Guidance;2012;25000000;119772232
Pitch Perfect;2012;17000000;115350426
Premium Rush;2012;35000000;31083599
Project X;2012;12000000;100000000
Prometheus;2012;130000000;403170142
Promised Land;2012;15000000;8138788
Quartet;2012;11000000;59520298
Red Lights;2012;14000000;13551174
Red Tails;2012;58000000;50365377
Resident Evil: Retribution;2012;65000000;240159255
Rise of the Guardians;2012;145000000;306941670
Robot & Frank;2012;2500000;3325038
Rock of Ages;2012;75000000;59418613
Safe;2012;30000000;40346186
Safe House;2012;85000000;208076205
Safety Not Guaranteed;2012;750000;4007792
Savages;2012;45000000;82966152
Seeking a Friend for the End of the World;2012;10000000;9636289
Seven Psychopaths;2012;15000000;19422261
Sholem Aleichem: Laughing In The Darkness;2012;500000;845188
Silent Hill: Revelation 3D;2012;20000000;52302796
Silver Linings Playbook;2012;21000000;205738714
Sinister;2012;3000000;77712439
Skyfall;2012;200000000;1108561013
Snow White and the Huntsman;2012;170000000;396600000
Sparkle;2012;14000000;24637469
Step Up Revolution;2012;33000000;140470746
Stitches;2012;100000;95000
Stolen;2012;35000000;2106557
Taken 2;2012;45000000;376141306
Ted;2012;50000000;549368315
That's My Boy;2012;70000000;58058367
The Amazing Spider-Man;2012;215000000;752215857
The Apparition;2012;17000000;9627492
The Avengers;2012;220000000;1519557910
The Bourne Legacy;2012;130000000;276572938
The Cabin in the Woods;2012;30000000;66486080
The Cold Light of Day;2012;20000000;16863583
The Dark Knight Rises;2012;250000000;1084939099
The Devil Inside;2012;1000000;101758490
The Dictator;2012;65000000;179379533
The Expendables 2;2012;100000000;312573423
The Five-Year Engagement;2012;30000000;53909751
The Grey;2012;25000000;77278331
The Guilt Trip;2012;40000000;41863726
The Hobbit: An Unexpected Journey;2012;250000000;1021103568
The Hunger Games;2012;75000000;691210692
The Iceman;2012;20000000;1969193
The Lords of Salem;2012;1500000;1165882
The Lucky One;2012;25000000;99357138
The Man with the Iron Fists;2012;15000000;15608545
The Master;2012;32000000;28258060
The Perks of Being a Wallflower;2012;13000000;33400000
The Pirates! In an Adventure with Scientists!;2012;60000000;118338361
The Possession;2012;14000000;85446075
The Raven;2012;26000000;29657751
The Sessions;2012;1000000;9138338
The Sweeney;2012;3730500;6294161
The Three Stooges;2012;30000000;54819301
The Twilight Saga: Breaking Dawn - Part 2;2012;120000000;829000000
The Vow;2012;30000000;196114570
The Watch;2012;68000000;68267862
The Woman in Black;2012;17000000;127730736
The Words;2012;6000000;13231461
Think Like a Man;2012;12000000;96070507
This Is 40;2012;35000000;88058786
This Means War;2012;65000000;156974557
To Rome with Love;2012;17000000;73244881
Underworld: Awakening;2012;70000000;160112671
Wanderlust;2012;35000000;24159934
What to Expect When You're Expecting;2012;40000000;79700000
Wrath of the Titans;2012;150000000;301000000
Wreck-It Ralph;2012;165000000;471222889
Zero Dark Thirty;2012;40000000;132820716
Снежная королева;2012;7000000;12400000
12 Years a Slave;2013;20000000;187000000
2 Guns;2013;61000000;131940411
21 & Over;2013;13000000;48065672
42;2013;40000000;95020213
47 Ronin;2013;175000000;150962475
A Good Day to Die Hard;2013;92000000;304654182
A Haunted House;2013;2500000;60141683
Admission;2013;13000000;18000000
Adore;2013;16000000;318982
After Earth;2013;130000000;243843127
All Is Lost;2013;9000000;6108720
American Hustle;2013;40000000;251171807
Anchorman 2: The Legend Continues;2013;50000000;173649015
August: Osage County;2013;25000000;74188937
Bad Words;2013;9500000;7800000
Baggage Claim;2013;8500000;22456509
Battle of the Year;2013;20000000;16549477
Beautiful Creatures;2013;60000000;60052138
Before Midnight;2013;3000000;11176469
Begin Again;2013;8000000;63464861
Black Nativity;2013;17500000;7018189
Blood Ties;2013;25500000;2415472
Blue Jasmine;2013;18000000;99206215
Broken City;2013;56000000;19701164
Bullet to the Head;2013;55000000;9489829
Captain Phillips;2013;55000000;95000000
Carrie;2013;30000000;82394288
Cloudy with a Chance of Meatballs 2;2013;78000000;248384621
Dabba;2013;1000000;4235151
Dallas Buyers Club;2013;5000000;55198285
Delivery Man;2013;26000000;51164106
Despicable Me 2;2013;76000000;970761885
Elysium;2013;115000000;286140700
Ender's Game;2013;110000000;125537191
Epic;2013;100000000;268426634
Escape Plan;2013;50000000;122915111
Escape from Planet Earth;2013;40000000;74597643
Evil Dead;2013;17000000;97542952
Free Birds;2013;55000000;110000000
Frozen;2013;150000000;1274219009
G.I. Joe: Retaliation;2013;130000000;371876278
Gangster Squad;2013;60000000;105200903
Getaway;2013;18000000;10501938
Gravity;2013;105000000;716392705
Grown Ups 2;2013;80000000;246984278
Grudge Match;2013;40000000;44907260
Hansel & Gretel: Witch Hunters;2013;50000000;224803475
Her;2013;23000000;47351251
Home Run;2013;1200000;2861020
Homefront;2013;22000000;43058898
Hross � oss;2013;10;11
Ida;2013;2159280;10700000
Identity Thief;2013;35000000;173965010
Inside Llewyn Davis;2013;11000000;32935319
Iron Man 3;2013;200000000;1215439994
Jack the Giant Slayer;2013;195000000;197687603
Jackass Presents: Bad Grandpa;2013;15000000;151831537
Khumba;2013;20000000;27187375
Kick-Ass 2;2013;28000000;60700000
La grande bellezza;2013;12400000;8371085
La migliore offerta;2013;13500000;19255873
Labor Day;2013;18000000;20275812
Last Vegas;2013;28000000;134402450
Legends of Oz: Dorothy's Return;2013;70000000;18662027
Lone Survivor;2013;40000000;149295601
Machete Kills;2013;12000000;15008161
Mama;2013;15000000;146497771
Man of Steel;2013;225000000;662845518
Mandela: Long Walk to Freedom;2013;35000000;27330000
Metallica: Through the Never;2013;18000000;7972967
Metegol;2013;22000000;24000000
Monsters University;2013;200000000;743559607
Movie 43;2013;6000000;32438988
Mud;2013;10000000;21587700
Nebraska;2013;12000000;17654912
No se Aceptan Devoluciones;2013;5500000;99067206
Now You See Me;2013;75000000;117698894
Nurse 3-D;2013;10;10000000
Oblivion;2013;120000000;286168572
Oculus;2013;5000000;44030246
Olympus Has Fallen;2013;70000000;161025640
Only God Forgives;2013;4800000;10337387
Out of the Furnace;2013;22000000;15400000
Oz: The Great and Powerful;2013;200000000;491868548
Pacific Rim;2013;180000000;407602906
Pain & Gain;2013;25000000;86175291
Parker;2013;35000000;46216641
Percy Jackson: Sea of Monsters;2013;90000000;174578751
Philomena;2013;12000000;100129872
Prisoners;2013;46000000;122126687
R.I.P.D.;2013;130000000;61648500
Riddick;2013;38000000;98337295
Runner Runner;2013;30000000;62616646
Rush;2013;38000000;90247624
Safe Haven;2013;28000000;97594140
Saving Mr. Banks;2013;35000000;112544580
Scary Movie 5;2013;20000000;78378744
Side Effects;2013;30000000;63372757
Snitch;2013;35000000;42930462
Snowpiercer;2013;39200000;86758912
Spring Breakers;2013;5000000;31724284
Star Trek Into Darkness;2013;190000000;467365246
Stoker;2013;12000000;12077441
Texas Chainsaw 3D;2013;20000000;47241945
The Adventurer: The Curse of the Midas Box;2013;25000000;6399
The Best Man Holiday;2013;17000000;71625195
The Big Wedding;2013;35000000;21819348
The Butler;2013;25000000;115922175
The Call;2013;13000000;68572378
The Canyons;2013;250000;56825
The Conjuring;2013;13000000;318000141
The Counselor;2013;25000000;71009334
The Croods;2013;135000000;585178928
The East;2013;6500000;2401510
The Fifth Estate;2013;28000000;8555008
The Frozen Ground;2013;27220000;5496951
The Great Gatsby;2013;105000000;351040419
The Heat;2013;43000000;158674180
The Hobbit: The Desolation of Smaug;2013;250000000;958400000
The Host;2013;44000000;63327201
The Hunger Games: Catching Fire;2013;130000000;847423452
The Immigrant;2013;16000000;5867686
The Incredible Burt Wonderstone;2013;30000000;27437881
The Internship;2013;58000000;44000000
The Last Exorcism Part II;2013;5000000;15179302
The Lone Ranger;2013;255000000;89289910
The Mortal Instruments: City of Bones;2013;60000000;90565421
The Place Beyond the Pines;2013;15000000;35485608
The Purge;2013;3000000;89328627
The Railway Man;2013;18000000;22309223
The Secret Life of Walter Mitty;2013;90000000;188133322
The Smurfs 2;2013;105000000;347434178
The Spectacular Now;2013;2500000;6854611
The To Do List;2013;1500000;3566225
The Way Way Back;2013;4600000;23198652
The Wolf of Wall Street;2013;100000000;392000694
The Wolverine;2013;120000000;415440673
The World's End;2013;20000000;46089287
The Young and Prodigious T.S. Spivet;2013;33000000;9494789
This Is the End;2013;32000000;126041322
Thor: The Dark World;2013;170000000;644571402
Trance;2013;20000000;24261569
Turbo;2013;135000000;282570682
Walking With Dinosaurs;2013;80000000;126546518
Warm Bodies;2013;35000000;116980662
We're the Millers;2013;37000000;269994119
White House Down;2013;150000000;205366737
World War Z;2013;200000000;531865000
Yeh Jawaani Hai Deewani;2013;7700000;46000000
Трудно быть богом;2013;7000000;1310673
キャプテンハーロック;2013;30000000;17137302
一代宗師;2013;3860000;64076736
22 Jump Street;2014;50000000;188441614
3 Days to Kill;2014;28000000;52597999
300: Rise of an Empire;2014;110000000;337580051
A Most Violent Year;2014;20000000;12007070
A Most Wanted Man;2014;15000000;31554855
A Walk Among the Tombstones;2014;28000000;53181600
About Last Night;2014;12500000;49002684
Alexander and the Terrible, Horrible, No Good, Very Bad Day;2014;28000000;100654149
Aloft;2014;8000000;53086
American Sniper;2014;58800000;542307423
And So It Goes;2014;18000000;25312387
Annabelle;2014;6500000;255273813
Annie;2014;65000000;133821816
As Above, So Below;2014;5000000;40100000
Atlas Shrugged Part III: Who is John Galt?;2014;5000000;846704
Barbecue;2014;6000000;14348529
Before I Go to Sleep;2014;22000000;15447154
Beyond the Lights;2014;7000000;14618727
Big Eyes;2014;10000000;28883511
Big Hero 6;2014;165000000;652105443
Birdman;2014;18000000;103215094
Black or White;2014;9000000;21571189
Blended;2014;40000000;123494610
Boyhood;2014;4000000;44349000
Brick Mansions;2014;28000000;68896829
Captain America: The Winter Soldier;2014;170000000;714766572
Dawn of the Planet of the Apes;2014;170000000;710644566
Devil's Due;2014;7000000;36433975
Divergent;2014;85000000;288747895
Dolphin Tale 2;2014;36000000;52424533
Dracula Untold;2014;70000000;215529201
Draft Day;2014;25000000;28831145
Dumb and Dumber To;2014;40000000;169837010
Earth to Echo;2014;13000000;45300000
Edge of Tomorrow;2014;178000000;370541256
Endless Love;2014;20000000;34077920
Escobar: Paradise Lost;2014;17000000;3758328
Exodus: Gods and Kings;2014;140000000;268031828
Fury;2014;68000000;211817906
Gone Girl;2014;61000000;369330363
Guardians of the Galaxy;2014;170000000;773328629
Heaven is for Real;2014;12000000;101332962
Hercules;2014;100000000;243400000
Horrible Bosses 2;2014;42000000;107670357
How to Train Your Dragon 2;2014;145000000;609123048
I, Frankenstein;2014;65000000;71154592
If I Stay;2014;11000000;78874843
Inherent Vice;2014;20000000;11110975
Interstellar;2014;165000000;675120017
Into the Storm;2014;50000000;160602194
Into the Woods;2014;50000000;212902372
Jack Ryan: Shadow Recruit;2014;60000000;50549107
Jersey Boys;2014;40000000;67347013
Joe;2014;4000000;2365467
Kill the Messenger;2014;5000000;2450846
Left Behind;2014;16000000;19682924
Let's Be Cops;2014;17000000;136621271
Lucy;2014;40000000;126546825
Maleficent;2014;180000000;758539785
Million Dollar Arm;2014;25000000;38307627
Miss Julie;2014;5500000;5000000
Moms' Night Out;2014;5000000;10429707
Mr. Peabody & Sherman;2014;145000000;272912430
Muppets Most Wanted;2014;50000000;80383290
Need for Speed;2014;66000000;203277636
Neighbors;2014;18000000;268157400
Night at the Museum: Secret of the Tomb;2014;127000000;349424282
Nightcrawler;2014;8500000;38697217
No Good Deed;2014;13200000;53830415
Noah;2014;125000000;362637473
Non-Stop;2014;50000000;222809600
Opposite Sex;2014;3300000;45000
Ouija;2014;5000000;103590271
Paddington;2014;55000000;259207227
Paranormal Activity: The Marked Ones;2014;5000000;86362372
Penguins of Madagascar;2014;132000000;373552094
Pompeii;2014;130000000;117831631
Ride Along;2014;25000000;153997819
Rio 2;2014;103000000;500188435
RoboCop;2014;120000000;242688965
Sabotage;2014;35000000;17508518
Selma;2014;20000000;66787908
Seventh Son;2014;95000000;114178613
Sex Tape;2014;40000000;126069509
Sin City: A Dame to Kill For;2014;65000000;39407616
Son of God;2014;22000000;67800064
Song One;2014;6000000;32251
St. Vincent;2014;13000000;54837234
Still Alice;2014;5000000;43884652
Taken 3;2014;48000000;325771424
Tammy;2014;20000000;100525432
Teenage Mutant Ninja Turtles;2014;125000000;477200000
That Awkward Moment;2014;8000000;26049082
The Amazing Spider-Man 2;2014;200000000;705717432
The Best of Me;2014;26000000;35926213
The Book of Life;2014;50000000;97437106
The Boxtrolls;2014;60000000;108255770
The Equalizer;2014;55000000;192330738
The Expendables 3;2014;90000000;206172544
The Fault in Our Stars;2014;12000000;307166834
The Gambler;2014;25000000;39171130
The Giver;2014;25000000;66980456
The Grand Budapest Hotel;2014;30000000;174600318
The Green Inferno;2014;5000000;6833445
The Hobbit: The Battle of the Five Armies;2014;250000000;956019788
The Homesman;2014;16000000;3442853
The Hundred-Foot Journey;2014;22000000;88880821
The Hunger Games: Mockingjay - Part 1;2014;125000000;752100229
The Imitation Game;2014;14000000;233555708
The Interview;2014;44000000;12342632
The Judge;2014;50000000;83719388
The Legend of Hercules;2014;70000000;61279452
The Lego Movie;2014;60000000;469160692
The Maze Runner;2014;34000000;348319861
The Monuments Men;2014;70000000;154984035
The November Man;2014;15000000;32556119
The Other Woman;2014;40000000;196781193
The Prince;2014;18000000;266586800
The Purge: Anarchy;2014;9000000;108782847
The Signal;2014;4000000;600896
The Theory of Everything;2014;15000000;123726688
The Water Diviner;2014;22500000;15520023
Think Like a Man Too;2014;24000000;70181428
This Is Where I Leave You;2014;19800000;41296320
Transcendence;2014;100000000;103039258
Transformers: Age of Extinction;2014;210000000;1091405097
Tusk;2014;2800000;1826705
Unbroken;2014;65000000;163442937
Under the Skin;2014;13300000;5380251
When the Game Stands Tall;2014;15000000;30127963
Whiplash;2014;3300000;13092000
Wild;2014;15000000;52501541
Winter's Tale;2014;60000000;30800231
Wish I Was Here;2014;5500000;5483299
X-Men: Days of Future Past;2014;250000000;747862775
90 Minutes in Heaven;2015;5000000;4842699
Aloha;2015;37000000;26250020
Anomalisa;2015;8000000;5659286
Ant-Man;2015;130000000;519311965
Avengers: Age of Ultron;2015;280000000;1405403694
Baahubali: The Beginning;2015;40000000;100000000
Black Mass;2015;53000000;98837872
Blackhat;2015;70000000;17752940
Bridge of Spies;2015;40000000;165478348
Brooklyn;2015;11000000;62076141
Burnt;2015;20000000;36606743
By the Sea;2015;10000000;3727746
Captive;2015;2000000;2801508
Chappie;2015;49000000;104399548
Child 44;2015;50000000;3324330
Cinderella;2015;95000000;543514353
Concussion;2015;35000000;50363790
Creed;2015;37000000;173567581
Daddy's Home;2015;50000000;242786137
Danny Collins;2015;10000000;10835752
Demonic;2015;3000000;3387000
Dope;2015;700000;17986781
Everest;2015;55000000;203427584
Ex Machina;2015;15000000;36869414
Fantastic Four;2015;120000000;167977596
Fifty Shades of Grey;2015;40000000;571006128
Focus;2015;50100000;153962963
Freeheld;2015;7000000;573335
Furious 7;2015;190000000;1506249360
Get Hard;2015;40000000;111811453
Goosebumps;2015;58000000;158162788
Heist;2015;8900000;4100000
Home;2015;135000000;368871007
Hot Pursuit;2015;35000000;51680201
Hot Tub Time Machine 2;2015;14000000;12314651
Hotel Transylvania 2;2015;80000000;473226958
In the Heart of the Sea;2015;100000000;93820758
Inside Out;2015;175000000;857611174
Insidious: Chapter 3;2015;10000000;104303851
Insurgent;2015;110000000;295238201
It Follows;2015;2000000;14674076
Joy;2015;60000000;101134059
Jupiter Ascending;2015;176000003;183987723
Jurassic World;2015;150000000;1513528810
Krampus;2015;15000000;61548707
Legend;2015;25000000;42972994
Little Boy;2015;20000000;6420319
Love the Coopers;2015;17000000;24000000
Mad Max: Fury Road;2015;150000000;378858340
Maggie;2015;4000000;187112
Magic Mike XXL;2015;14800000;122513057
Max;2015;20000000;43967255
Maze Runner: The Scorch Trials;2015;61000000;311256926
Mi America;2015;2100000;3330
Minions;2015;74000000;1156730962
Mission: Impossible - Rogue Nation;2015;150000000;682330139
Mortdecai;2015;60000000;30418560
No Escape;2015;5000000;54418872
Our Brand Is Crisis;2015;28000000;7002261
Pan;2015;150000000;128388320
Paper Towns;2015;12000000;85512300
Paul Blart: Mall Cop 2;2015;38000000;107597242
Pitch Perfect 2;2015;29000000;287506194
Pixels;2015;88000000;243637091
Point Break;2015;105000000;133718711
Project Almanac;2015;12000000;32248241
Room;2015;6000000;35401758
Run All Night;2015;50000000;71561644
San Andreas;2015;110000000;470490832
Secret in Their Eyes;2015;19500000;34854990
Self/less;2015;26000000;30523226
Sicario;2015;30000000;84025816
Sinister 2;2015;10000000;52882018
Southpaw;2015;30000000;91709827
Spectre;2015;245000000;880674609
Spotlight;2015;20000000;88346473
Steve Jobs;2015;30000000;34441873
Stonewall;2015;13500000;187674
Straight Outta Compton;2015;28000000;201634991
Strangerland;2015;10000000;17472
Ted 2;2015;68000000;217022588
Terminator Genisys;2015;155000000;440603537
The 33;2015;25000000;24902723
The Age of Adaline;2015;25000000;65663276
The Big Short;2015;28000000;133346506
The Boy Next Door;2015;4000000;52425855
The DUFF;2015;8500000;43528634
The Diary of a Teenage Girl;2015;2000000;1477002
The Gallows;2015;100000;42664410
The Gift;2015;5000000;58978653
The Good Dinosaur;2015;175000000;331926147
The Gunman;2015;40000000;13644292
The Hateful Eight;2015;44000000;155760117
The Hunger Games: Mockingjay - Part 2;2015;160000000;653428261
The Intern;2015;35000000;194564672
The Last Witch Hunter;2015;90000000;146936910
The Lazarus Effect;2015;3300000;64110728
The Little Prince;2015;64000000;97571250
The Longest Ride;2015;34000000;63013281
The Man from U.N.C.L.E.;2015;75000000;108145109
The Martian;2015;108000000;630161890
The Peanuts Movie;2015;99000000;246233113
The Revenant;2015;135000000;532950503
The Second Best Exotic Marigold Hotel;2015;10000000;85978266
The SpongeBob Movie: Sponge Out of Water;2015;74000000;311594032
The Transporter Refueled;2015;25000000;72629670
The Vatican Tapes;2015;13000000;1784763
The Visit;2015;5000000;98450062
The Walk;2015;35000000;61181942
Tomorrowland;2015;190000000;209154322
Trainwreck;2015;35000000;140795793
Unfinished Business;2015;35000000;14431253
Unfriended;2015;1000000;62882090
Vacation;2015;31000000;104384188
Victor Frankenstein;2015;40000000;34227298
We Are Your Friends;2015;6000000;11122090
While We're Young;2015;10000000;7587485
Woman in Gold;2015;11000000;61619773
刺客聶隱娘;2015;15000000;632542
天將雄師;2015;65000000;121545703
葉問3;2015;36000000;156844753
10 Cloverfield Lane;2016;15000000;108286421
13 Hours: The Secret Soldiers of Benghazi;2016;50000000;69411370
Airlift;2016;4500000;32000000
Alice Through the Looking Glass;2016;170000000;299370084
Allegiant;2016;110000000;179246868
Bad Moms;2016;20000000;183936074
Batman v Superman: Dawn of Justice;2016;250000000;873260194
Ben-Hur;2016;100000000;94061311
Captain America: Civil War;2016;250000000;1153304495
Central Intelligence;2016;50000000;216972543
Criminal;2016;31500000;14708696
Deadpool;2016;58000000;783112979
Dirty Grandpa;2016;11500000;94073028
Eddie the Eagle;2016;23000000;46152800
Fifty Shades of Black;2016;20000000;21164799
Florence Foster Jenkins;2016;29000000;48902953
Free State of Jones;2016;50000000;25035950
Ghostbusters;2016;144000000;229147509
God's Not Dead 2;2016;5000000;23507567
Gods of Egypt;2016;140000000;150680864
Green Room;2016;5000000;3220371
Hail, Caesar!;2016;22000000;63647656
How to Be Single;2016;38000000;112343513
Independence Day: Resurgence;2016;165000000;389681935
Jane Got a Gun;2016;25000000;1397284
Jason Bourne;2016;120000000;415484914
Keanu;2016;15000000;20566327
Kung Fu Panda 3;2016;145000000;521170825
Lights Out;2016;4900000;44107032
London Has Fallen;2016;60000000;205754447
Me Before You;2016;20000000;207945075
Midnight Special;2016;18000000;6212282
Miracles from Heaven;2016;16000000;77000000
Money Monster;2016;27000000;93282604
My Big Fat Greek Wedding 2;2016;18000000;88923251
Neighbors 2: Sorority Rising;2016;35000000;108758521
Nerve;2016;20000000;83707310
Now You See Me 2;2016;90000000;334901337
Pete's Dragon;2016;65000000;143695338
Pride and Prejudice and Zombies;2016;28000000;16374328
Race;2016;5000000;24804129
Ride Along 2;2016;40000000;124827316
Risen;2016;20000000;46069568
Sausage Party;2016;19000000;140752617
Star Trek Beyond;2016;185000000;343471816
Suicide Squad;2016;175000000;745000000
Teenage Mutant Ninja Turtles: Out of the Shadows;2016;135000000;245623848
The 5th Wave;2016;38000000;109906372
The Angry Birds Movie;2016;73000000;349779543
The BFG;2016;140000000;183345589
The Birth of a Nation;2016;8500000;15861566
The Boss;2016;29000000;78636257
The Boy;2016;10000000;64188367
The Conjuring 2;2016;40000000;320170008
The Finest Hours;2016;80000000;52099090
The Forest;2016;10000000;40055439
The Huntsman: Winter's War;2016;115000000;164602163
The Infiltrator;2016;25000000;15436808
The Jungle Book;2016;175000000;966550600
The Legend of Tarzan;2016;180000000;356743061
The Neon Demon;2016;7000000;1333124
The Purge: Election Year;2016;10000000;118587880
The Secret Life of Pets;2016;75000000;875958308
The Shallows;2016;17000000;119100758
The Witch;2016;3500000;40423945
The Young Messiah;2016;18500000;6490401
Triple 9;2016;20000000;12639297
Warcraft;2016;160000000;433677183
X-Men: Apocalypse;2016;178000000;543934787
Zoolander 2;2016;50000000;55969000
シン・ゴジラ;2016;15000000;77000000
西游记之孙悟空三打白骨精;2016;68490000;193677158
