movie_id;budget;revenue
5;4000000;4300000
11;11000000;775398007
12;94000000;940335536
13;55000000;677945399
14;15000000;356296601
16;12800000;40031879
18;90000000;263920180
19;92620000;650422
20;0;9726954
22;140000000;655011224
24;30000000;180949000
25;72000000;96889998
28;31500000;89460381
33;14000000;159157447
35;75000000;527068851
38;20000000;72258126
55;2000000;20908467
58;200000000;1065659812
59;32000000;60740827
62;10500000;68700000
65;41000000;215000000
66;50000000;50068310
68;15000000;0
69;28000000;186438883
70;30000000;216763646
71;5000000;110000000
73;20000000;23875127
74;132000000;591739379
75;70000000;101371017
76;2500000;5535405
77;9000000;39723096
78;28000000;33139618
79;31000000;177394432
80;2700000;15992615
83;130000;54667954
85;18000000;389925971
87;28000000;333000000
89;48000000;474171806
90;15000000;316360478
95;140000000;553799566
96;20000000;299965036
98;103000000;457640427
100;1350000;3897569
103;1300000;28262574
104;1530000;7267585
105;19000000;381109762
106;18000000;98235548
107;10000000;83557872
111;25000000;65884703
114;14000000;463000000
115;15000000;46189568
116;15000000;85306374
117;25000000;76270454
118;150000000;474968763
120;93000000;871368364
121;79000000;926287400
122;94000000;1118888979
128;26500000;159375308
129;15000000;274925095
134;26000000;71868327
137;14600000;70906973
141;6000000;1270522
142;14000000;178043761
146;17000000;213525736
149;8000000;553171
152;35000000;139000000
153;4000000;119723856
154;12000000;96800000
155;185000000;1004558444
157;18000000;87000000
161;85000000;450717150
162;20000000;53000000
163;110000000;362744280
165;40000000;332000000
167;48000000;50315140
168;24000000;133000000
169;35000000;57120318
170;5000000;82719885
172;30000000;70200000
173;5000000;28200000
174;27000000;96900000
176;1200000;103911669
177;24000000;41895491
179;80000000;162944923
180;102000000;358372926
182;32000000;5914908
184;12000000;39673162
186;27000000;56308881
187;40000000;158733820
189;65000000;39407616
193;38000000;120000000
194;10000000;173921954
196;40000000;244527583
197;72000000;210000000
199;46000000;150000000
200;70000000;118000000
201;60000000;67312826
203;500000;3000000
205;17500000;38000000
207;16400000;235860116
214;10000000;163876815
215;4000000;152925093
217;185000000;786636033
218;6400000;78371200
219;12899867;85582407
223;1288000;6000000
226;2000000;11540607
227;10000000;33697647
231;50000000;94000000
235;8000000;52287414
238;6000000;245066411
239;2883848;25000000
240;13000000;47542841
242;54000000;136766062
243;30000000;47126295
245;27000000;129000000
248;2900000;5000000
251;22000000;505000000
252;3000000;4000000
253;7000000;161777836
254;207000000;550000000
257;50000000;42093706
261;3000000;17570324
268;35000000;411348924
272;150000000;374218673
274;19000000;272742922
277;22000000;95708457
278;25000000;28341469
279;18000000;51973029
280;100000000;520000000
284;3000000;25000000
285;300000000;961000000
288;730000;8000000
289;878000;10462500
291;2600000;3166000
292;3000000;11718595
296;200000000;435000000
297;90000000;142940100
298;85000000;311312624
302;7800000;22441323
306;50000000;119208989
309;1300000;0
310;80000000;484572835
311;30000000;0
314;100000000;82102379
319;12500000;12281551
320;46000000;113714830
321;4361898;3031801
322;25000000;156822020
326;33000000;62022014
327;12000000;15250000
329;63000000;920100000
330;73000000;229074524
331;93000000;368780809
332;75000000;0
334;37000000;48451803
335;5000000;5321508
338;4800000;79384880
342;2700000;0
345;65000000;162091208
346;2000000;271841
348;11000000;104931801
350;35000000;326551094
364;80000000;280000000
377;1800000;25504513
380;25000000;412800000
387;14000000;85000000
388;45000000;184376254
389;350000;1000000
391;200000;14500000
392;25000000;152500343
393;30000000;152159461
395;70000000;171183863
398;7000000;49084830
400;8000000;529766
401;2500000;26781723
403;7500000;145793296
404;10000000;0
408;1488423;184925486
409;27000000;231976425
411;180000000;748806957
414;100000000;336529144
415;125000000;238207122
421;50000000;34808403
423;35000000;120072577
424;22000000;321365567
425;59000000;383257136
429;1200000;6000000
431;250000;501818
433;6000000;102272727
435;125000000;544272402
436;0;0
440;40000000;41797066
451;3600000;49800000
453;60000000;313542341
454;14500000;147298761
455;3500159;76578641
462;52000000;256271286
464;0;0
468;2500000;0
470;20000000;60427839
473;60000;3221152
479;46000000;107196498
480;0;0
489;10000000;225933435
492;13000000;22863596
496;18000000;261572744
497;60000000;284600000
500;1200000;14661007
503;160000000;181674817
504;8000000;60378584
507;1500000;418961
508;40000000;244931766
509;42000000;363889678
510;3000000;108981275
512;4000000;31584901
522;18000000;5887457
524;52000000;116112375
525;27000000;115229890
526;20000000;18432000
533;30000000;192452832
534;200000000;371353001
535;4000000;92921203
539;806948;32000000
540;3500000;0
542;1800000;0
544;23000000;369884651
546;1000000;13350369
547;60000000;186883563
549;2962051;3011195
550;63000000;100853753
557;139000000;821708551
558;200000000;783766341
559;258000000;890871626
562;28000000;140767956
563;105000000;121214377
568;52000000;355237933
573;3500000;12600000
576;6244087;638641
577;20000000;21284514
578;7000000;470654000
579;20000000;187884007
580;23000000;51881013
581;22000000;424208848
582;2000000;70000000
584;76000000;236350661
585;115000000;562816256
586;15000000;64256513
587;70000000;122919055
588;50000000;97607453
590;25000000;41597830
591;125000000;767820459
592;1600000;4420000
593;0;0
594;60000000;219417255
595;2000000;13129846
597;200000000;1845034188
598;3300000;30641770
601;10500000;792910554
602;75000000;816969268
603;63000000;463517383
604;150000000;738599701
605;150000000;424988211
606;31000000;128499205
607;90000000;589390539
608;140000000;441818803
609;10700000;122200000
612;70000000;130358911
613;18339750;92180910
615;30000000;611899420
616;140000000;456758981
617;20000000;67200000
619;25000000;411006740
621;6000000;181813770
622;38000000;58401898
627;4000000;16491080
628;60000000;223664608
629;6000000;23341568
630;2777000;33754967
634;25000000;281929795
639;16000000;92823546
640;52000000;352114312
641;4500000;7390108
642;6000000;102308889
644;100000000;235926552
646;950000;59600000
650;6500000;57504069
652;175000000;497409852
654;910000;9600000
657;2000000;78898765
658;2500000;124881062
660;5500000;141195658
663;10000000;139352633
664;92000000;494471524
666;2900000;5596708
667;9500000;111584787
668;6500000;81974493
670;3000000;14980005
671;125000000;976475550
672;100000000;876688482
673;130000000;789804554
674;150000000;895921036
675;150000000;938212738
676;140000000;449220945
679;18500000;183316455
680;8000000;213928762
681;7200000;116019547
682;7000000;97572000
686;90000000;171120329
687;11000000;39363635
688;24000000;182016617
691;14000000;185438673
692;12000;6000000
693;80000000;516642939
694;19000000;44017374
698;34000000;210308099
699;28000000;195312802
700;27500000;187500000
702;1800000;8000000
703;4000000;38251425
704;560000;12299668
707;30000000;152427960
708;40000000;191185897
709;32000000;156167015
710;58000000;352194034
711;43000000;80049764
712;6000000;254700832
713;7000000;116700000
714;110000000;333011068
744;15000000;356830601
745;40000000;672806292
746;23000000;43984230
747;4000000;30039392
752;54000000;132511035
754;80000000;245676146
755;19000000;25836616
756;2280000;83320000
762;400000;5028948
764;350000;29400000
765;3600000;5923044
766;11000000;0
767;250000000;933959197
768;35000000;74558115
769;25000000;46836394
770;4000000;400176459
771;18000000;476684675
772;18000000;358991681
773;8000000;100523181
782;36000000;12532777
783;22000000;77737889
786;60000000;47383689
787;110000000;478207520
788;25000000;441286195
790;1000000;21378361
792;6000000;138530565
794;2800000;60922980
795;55000000;198685114
796;10500000;75902208
801;13000000;123922370
802;2000000;9250000
805;3200000;33395426
807;33000000;327311859
808;60000000;484409218
809;150000000;919838758
810;160000000;798958165
811;1000000;0
812;28000000;504050219
813;3500000;83453539
816;16500000;67683989
817;33000000;310940086
818;63000000;296655431
819;44000000;165615285
820;40000000;205405498
821;3000000;10000000
824;52500000;179213434
826;3000000;33300000
834;50000000;111340801
837;5952000;2120439
838;777000;140000000
840;20000000;303788635
841;40000000;30925690
844;12000000;19271312
846;66000000;189198313
848;18000000;14110013
849;27000000;16519460
850;0;19294144
853;68000000;96976270
854;23000000;351583407
855;92000000;172989651
857;70000000;481840909
859;14000000;34670720
860;12000000;79567667
861;65000000;261317921
862;30000000;373554033
863;90000000;497366869
864;14000000;154864401
865;27000000;38122105
866;25000000;116766556
868;3000000;9879971
869;100000000;362211740
872;2540800;7200000
873;15000000;146292009
874;3900000;28350000
879;70000000;300854823
881;40000000;243240178
887;2100000;23650000
888;46000000;341631208
889;83000000;59468275
905;0;0
907;11000000;111858363
913;48000000;124305181
920;120000000;461983149
921;88000000;108539911
924;28000000;102356381
925;6500000;37295445
926;45000000;90683916
927;11000000;153083102
928;50000000;41482207
935;1800000;9440272
943;35000000;321731527
944;140000000;285444603
947;15000000;69995385
948;300000;70000000
950;80000000;660940780
951;15000000;201957688
953;75000000;532680671
954;80000000;457696359
955;125000000;546388105
956;150000000;397850012
957;22700000;38119483
978;70000000;131457682
979;0;792
985;10000;7000000
987;4000000;0
990;2000000;7600000
1018;15000000;20117339
1024;5000000;3049135
1051;1800000;41158757
1073;21500000;0
1088;8000000;41400000
1090;16000000;18564088
1091;15000000;19629760
1103;6000000;50244700
1116;6500000;22889018
1123;0;4291965
1124;40000000;109676311
1125;70000000;154937680
1164;25000000;135330182
1165;15000000;123384128
1213;40000000;128798265
1245;11500000;23237911
1246;24000000;155721132
1248;50000000;82169884
1250;110000000;228738393
1251;19000000;68673228
1255;11000000;88489643
1257;0;69485490
1259;15000000;49469904
1262;30000000;53653224
1265;60000000;137587063
1266;20000000;65569869
1268;25000000;229736344
1271;65000000;422610419
1272;50000000;32017803
1273;34000000;95608995
1282;0;0
1359;7000000;34266564
1360;12000000;56298474
1365;4000000;44909486
1366;1000000;117235147
1368;15000000;125212904
1369;44000000;300400432
1370;63000000;189015611
1372;100000000;170877916
1378;2000000;5179037
1381;35000000;15304890
1382;0;0
1389;48000000;77745568
1391;5000000;33616692
1402;55000000;307077295
1408;98000000;10017322
1412;1200000;0
1415;5000000;742898
1417;19000000;83258226
1422;90000000;289847354
1424;0;0
1427;50000000;132180323
1428;29000000;98185582
1429;15000000;13060843
1430;4000000;35564473
1435;218;1162014
1439;75000000;0
1440;26000000;14821658
1443;6000000;10409377
1452;270000000;391081192
1487;66000000;99318987
1491;40000000;86915017
1493;45000000;212000000
1494;110;0
1495;130000000;211643158
1497;25000000;78000000
1499;21000000;42000000
1523;6000000;48027970
1535;92000000;143049560
1537;45000000;94935764
1538;65000000;217764291
1542;10000000;12827813
1544;0;2455831
1546;0;1919197
1547;8500000;32222567
1548;7000000;0
1550;300000;0
1551;26000000;61489265
1555;5300000;3897799
1562;15000000;64238440
1571;110000000;383531464
1572;90000000;366101666
1573;70000000;240031094
1574;45000000;306776732
1576;33000000;102984862
1577;45000000;129394835
1578;18000000;23000000
1579;40000000;120175290
1581;85000000;194168700
1584;35000000;131282949
1585;3180000;9644124
1586;40000000;92913171
1587;11000000;30000000
1588;28000000;90449929
1590;11000000;0
1591;0;0
1593;110000000;574480841
1597;55000000;330444045
1598;35000000;182300000
1599;22000000;0
1613;28;14
1619;8500000;19125401
1620;24000000;99965753
1621;40600000;90400000
1624;45000000;181000000
1635;126000000;162949164
1636;48000000;90383208
1637;30000000;350448145
1639;160000000;164508066
1640;6500000;98410061
1642;22000000;110627965
1645;40000000;152266007
1646;21000000;41170784
1648;10000000;40485039
1649;0;0
1651;0;0
1656;75000000;142400065
1667;8000000;127392239
1669;30000000;199200000
1677;40000000;124731534
1683;40000000;62771059
1685;3000000;18999718
1687;2500000;12348905
1688;1700000;9700000
1690;4800000;80578934
1691;10200000;35619521
1696;0;0
1698;0;0
1701;75000000;224012234
1705;1700000;8844595
1710;0;0
1717;55000000;9450897
1722;57000000;62112895
1724;150000000;163712074
1725;6000000;43656822
1726;140000000;585174222
1729;55000000;127906624
1734;98000000;433013274
1735;145000000;401128639
1770;28000000;16900000
1771;140000000;370569774
1777;6000000;119114517
1779;160000;6706368
1781;1000000;46243000
1788;8200000;80035402
1792;55000000;33828318
1808;0;1053788
1809;4000000;0
1813;57000000;152944660
1817;13000000;97837138
1819;54000000;130431368
1824;75000000;196482882
1830;42000000;24127895
1831;25000000;24362772
1832;10000000;30652890
1833;40000000;31670620
1844;66000000;212404396
1850;82000000;47434430
1852;63000000;162945894
1858;150000000;709709780
1865;380000000;1045713802
1874;30000000;0
1878;18500000;10680275
1880;4200000;38376497
1883;34000000;48169908
1885;8000000;90815558
1887;40000000;60474340
1891;18000000;538400000
1892;32350000;572700000
1893;115000000;924317558
1894;120000000;649398328
1895;113000000;850000000
1900;48000000;207515725
1901;0;0
1903;68000000;203388341
1904;85000000;162242962
1907;40000000;144056873
1909;25000000;22200000
1911;160000000;61698899
1913;12806000;38535221
1921;40000000;65754228
1924;55000000;300218018
1927;137000000;245360480
1930;215000000;752215857
1931;13000000;75511123
1933;0;0
1934;25000000;289317794
1946;15000000;2856712
1947;30000000;18618284
1948;12000000;42931041
1949;65000000;84785914
1950;0;5761917
1951;14200000;674918
1954;13000000;96060858
1955;5000000;26010864
1956;3500000;0
1957;38000000;51801187
1958;8000000;0
1961;1500000;173066
1966;155000000;167298192
1969;35000000;10496317
1970;10000000;183474602
1975;20000000;39143839
1979;130000000;289047763
1985;25000000;82466670
1988;16000000;18928871
1989;10000000;21786738
1995;115000000;274703340
1996;95000000;156505388
1997;74500000;62172050
1999;1700000;0
2001;21000000;54926886
2008;0;0
2009;852510;1185783
2011;7300000;0
2013;14000000;19777647
2018;35000000;94728529
2022;50000000;171269535
2023;100000000;108103450
2024;110000000;215294342
2026;52000000;77944725
2034;45000000;104876233
2043;60000000;105178561
2044;40000000;114830111
2048;120000000;347234916
2054;0;106269971
2055;22000000;68296293
2056;500000;8679814
2057;42000000;35402320
2059;100000000;347451894
2062;150000000;623722818
2067;90000000;60874615
2069;41300000;106371651
2074;7000000;14702438
2080;150000000;373062864
2084;13000000;0
2085;25000000;91036760
2088;11500000;3275585
2100;72000000;27642707
2105;11000000;235483004
2110;15300000;0
2112;90000000;161626121
2114;137000000;85131830
2116;50000000;55495563
2118;35000000;126216940
2119;60000000;157920733
2122;40000000;26155781
2123;51000000;149270999
2133;120000000;325756637
2135;80000000;123729176
2140;25000000;64437847
2142;15000000;44862187
2148;58000000;25928721
2155;42000000;32168970
2157;80000000;136159423
2162;70000000;11263966
2163;36000000;50159144
2176;30000000;23619609
2185;40000000;8493890
2196;9000000;46
2207;55000000;65664721
2211;0;0
2251;50000000;119137784
2252;51500000;55112356
2253;75000000;200276000
2255;250000;12021272
2266;13000000;4857367
2268;180000000;372234864
2270;70000000;135560026
2275;60000000;149705852
2277;100000000;93700000
2280;18000000;151668774
2287;0;0
2288;27000000;115505027
2289;79000000;173013509
2290;0;0
2292;27000;3151130
2293;6000000;2122561
2294;22000000;33788161
2295;5000000;26888376
2300;80000000;250200000
2309;60000000;57490374
2310;70000000;195735876
2312;60000000;0
2320;55000000;121969216
2355;20000000;22222308
2359;9000000;24538513
2370;4000000;6000000
2395;97250400;132900000
2428;20000000;15473333
2447;35000000;0
2453;23000000;7434726
2454;225000000;419651413
2486;100000000;249288105
2493;16000000;30857814
2501;60000000;214034224
2502;75000000;288500217
2503;70000000;442824138
2539;80000000;55041367
2567;116000000;102000000
2575;21000000;28008462
2577;7500000;0
2604;14000000;161001698
2610;10284523;11588205
2619;8000000;69821334
2621;24000000;36609995
2636;45000000;170362582
2637;32000000;55157539
2639;20000000;10686841
2642;60000000;93354918
2649;50000000;109423648
2652;950000;7022209
2655;100000000;155464351
2661;1377800;0
2662;7000000;16829545
2666;27000000;27200316
2667;60000;248000000
2669;25000000;8613462
2675;72000000;408247917
2687;40000000;14358033
2698;175000000;173000000
2749;60000000;56359980
2752;17000000;0
2755;30000000;105834556
2756;70000000;90000098
2757;19000000;32801173
2770;30000000;287553595
2771;0;6003587
2779;0;0
2786;300000;0
2787;23000000;53187659
2789;105000000;115772733
2830;14000000;0
2832;30000000;90259536
2841;47000000;0
2895;5000000;0
2898;50000000;314178011
2900;75000000;19598588
2907;30000000;191502426
2925;26000000;116400000
2959;35000000;69307224
2976;50000000;90450008
2977;16500000;37311672
2989;17000000;2000000
3021;25000000;94679598
3028;0;0
3033;10000000;6451628
3034;2800000;86273333
3040;4200000;32000000
3049;15000000;107217396
3050;71000000;294456605
3059;385907;8394751
3060;245000;22000000
3062;439000;2281000
3078;325000;4500000
3080;609000;3202000
3082;1;8500000
3083;1500000;9600000
3089;3000000;9012000
3093;70000000;38629478
3116;3600000;44785053
3131;100000000;193772504
3132;70000000;65977295
3170;858000;267447150
3172;75000000;67631903
3175;11000000;20000000
3179;12000000;0
3291;7000000;54600000
3472;0;0
3482;5800000;6800000
3489;30000000;16930884
3509;8700000;7659918
3512;60000000;104324083
3536;62000000;127666415
3558;40000000;0
3580;55000000;113020255
3587;32000000;0
3594;30000000;77566815
3595;80000000;309492681
3597;17000000;125586134
3600;65000000;40002112
3604;35000000;27107960
3635;0;31466789
3638;28000000;92601050
3682;13000000;16757163
3683;90000000;65900249
3766;2300000;0
3877;16000000;2849142
3902;20000000;4001121
3933;40000000;117195061
3981;70000000;374111707
3989;32000000;50907422
4011;15000000;73326666
4012;1500000;416925
4032;16500000;0
4105;30000000;45892212
4107;0;773228
4108;21000000;43928932
4133;53000000;83282296
4147;80000000;181001478
4148;35000000;75225693
4170;12000000;0
4174;1500000;7000000
4232;14000000;173046663
4233;24000000;172363301
4234;40000000;161834276
4244;65000000;69700000
4248;45000000;141220678
4251;7000000;29385320
4256;48000000;220673217
4257;45000000;178262620
4258;20000000;78378744
4327;92000000;264105545
4347;30000000;129266061
4348;28000000;121147947
4349;70000000;86658558
4379;43000000;154749918
4380;50000000;170128460
4421;50000000;48169156
4442;88000000;105316267
4464;87000000;148336445
4474;0;60896147
4476;30000000;160638883
4477;90000000;140807547
4512;30000000;14711793
4513;30000000;75505973
4515;35000000;63215872
4517;55000000;74237563
4518;30000000;82150642
4523;85000000;340487652
4547;48000000;196397415
4550;0;23803308
4551;53000000;95226116
4553;5000000;8203235
4566;25000000;92991835
4584;16500000;135000000
4597;20000000;22942221
4599;50000000;49718611
4614;68000000;193000000
4638;12000000;80573774
4657;0;0
4688;0;0
4723;17000000;374743
4806;70000000;309457509
4816;0;0
4824;60000000;159330280
4836;6500000;11850214
4858;80000000;15071514
4911;15000000;9237470
4912;30000000;33013805
4922;150000000;333932083
4929;1800000;6800000
4935;24000000;234710455
4942;58000000;41299492
4944;37000000;163720069
4951;16000000;53478166
4953;0;0
4958;80000000;39459427
4959;50000000;60161391
4960;21000000;0
4964;30000000;219076518
4965;40000000;0
4967;30000000;37036004
4970;40000000;141591324
4982;100000000;266465037
4995;15000000;43101594
4997;5000000;2466444
5038;15000000;96408652
5072;0;0
5123;25000000;66122026
5125;27500000;24748670
5126;0;0
5137;70000000;57958696
5172;13000000;11130889
5174;140000000;258022233
5175;90000000;347325802
5176;55000000;70016220
5178;3800000;0
5236;15000000;15785148
5255;165000000;305875730
5279;19800000;87754044
5353;0;0
5393;47000000;38085778
5491;44000000;21400000
5494;32000000;0
5503;44000000;368875760
5516;0;0
5528;0;0
5550;22000000;10696210
5551;65000000;128884132
5559;150000000;287594577
5689;4500000;58853106
5708;0;8159508
5722;2090000;40000000
5723;160000;20710513
5759;0;0
5769;1000000;37600000
5780;3000000;13000000
5820;60000000;77920346
5822;150000;15200000
5852;53000000;29700000
5854;2000000;7900000
5876;18000000;57096190
5900;0;0
5902;22000000;50750000
5915;15000000;56255142
5925;4000000;11744471
5955;35000000;29400000
5966;42000000;171963386
5971;20000000;0
5994;60000000;0
6007;0;0
6016;0;0
6020;12000000;0
6023;30000000;156835339
6038;50000000;88323487
6068;70000000;164000000
6071;40000000;0
6073;57000000;147845033
6106;4500000;0
6114;40000000;215862692
6116;25000000;100000000
6171;68000000;75715436
6217;0;0
6278;60000000;43061982
6282;45000000;113916474
6415;75000000;108000000
6435;75000000;46683377
6439;30000000;93772522
6440;0;0
6466;30000000;114908830
6477;60000000;361366633
6478;23000000;0
6479;150000000;585349010
6488;31000000;53208180
6519;50000000;110803676
6520;55000000;127600435
6521;9000000;0
6537;0;44000000
6538;75000000;119000410
6552;25000000;4152230
6557;30000000;160259319
6575;35000000;18317151
6615;12000000;11293663
6623;50000000;0
6639;45000000;4607608
6687;15000000;5926410
6795;65000000;64321501
6877;50000000;88715192
6933;20000000;0
6947;60000000;256697520
6950;50000000;189859560
6957;26000000;109449237
6961;15000000;47175038
6963;20000000;12482775
6964;80000000;266728738
6968;27000000;0
6972;130000000;49554002
6973;23000000;29541790
6977;25000000;171600000
6978;25000000;11000000
7006;0;0
7191;25000000;170764026
7214;30000000;76669806
7220;33000000;54700105
7278;30000000;84646831
7288;40000000;19322135
7299;20000000;5359645
7301;0;0
7303;55000000;154906693
7304;17000000;9500000
7305;32000000;36733909
7326;7500000;231411584
7341;21000000;17762705
7345;25000000;77208711
7347;4000000;0
7350;45000000;175372502
7364;130000000;119269486
7443;45000000;224834564
7445;26000000;43318349
7446;92000000;188072649
7450;75000000;36754634
7451;70000000;277448382
7453;50000000;104478416
7459;120000000;93945766
7461;40000000;151161491
7484;85000000;197309027
7485;61000000;95696996
7501;15000000;12000000
7504;0;528972
7509;0;10422387
7510;12000000;6754898
7512;30000000;495303
7515;0;0
7516;17000000;57103895
7518;80000000;343397247
7547;6000000;0
7548;0;0
7552;100000000;202026112
7553;3000000;18637690
7735;7500000;19000000
7737;45000000;148412065
7859;700000;4911725
7863;0;0
7870;8000000;852872
7873;2000000;5967038
7874;15000000;10903846
7913;2200000;11502151
7942;10000000;33000000
7944;0;0
7973;0;0
7978;150000000;0
7979;20000000;73276047
7980;65000000;93525586
8007;40000000;91753202
8009;16000000;5900000
8011;26000000;36800000
8012;30250000;115101622
8046;54000000;7266209
8051;25000000;17000000
8053;15000000;12036149
8054;30000000;64352607
8055;32000000;113019290
8060;12000000;0
8065;35000000;69823199
8068;7000000;25405445
8069;9000000;2500000
8077;50000000;159773545
8078;70000000;162000000
8080;27000000;13000000
8090;35000000;32483410
8095;31115000;71000000
8141;4000000;2426851
8193;400000;46118097
8195;55000000;41610884
8197;35000000;25105255
8198;30000000;27674124
8202;62000000;52304001
8204;90000000;162839667
8224;40000000;96618699
8247;85000000;222231186
8265;11000000;53191886
8271;20000000;117760134
8272;0;0
8273;55000000;231449203
8285;60000000;39031337
8291;14000000;27515786
8292;45000000;92374674
8293;0;25966555
8321;15000000;34533783
8326;20000000;0
8328;23000000;150816700
8329;1500000;30448000
8337;4000000;13008928
8338;25000000;19844979
8346;5000000;368744044
8355;90000000;886686817
8357;0;10000000
8358;90000000;429632142
8359;0;0
8363;20000000;121463226
8367;48000000;390493908
8373;150000000;836297228
8374;6000000;30471
8386;12000000;31155435
8390;0;55447968
8408;3500000;34000000
8409;36000000;44350926
8413;60000000;26673242
8416;750000;0
8427;70000000;33561137
8435;0;0
8452;82000000;96085477
8456;20000000;41627431
8457;40000000;0
8461;15000000;7938872
8467;16000000;247275374
8469;2700000;141000000
8470;36000000;102244770
8487;170000000;222104681
8488;70000000;368100420
8489;107000000;87713825
8536;54000000;190458706
8545;0;0
8584;55000000;56932305
8587;45000000;788241776
8592;47000000;103738726
8617;0;14796236
8618;4000000;13401952
8619;150000000;212011111
8643;19000000;144216468
8645;60000000;163403799
8649;32000000;0
8656;75000000;140464664
8665;100000000;35168966
8669;12000000;0
8675;1000000;0
8676;70000000;111231041
8681;25000000;226830568
8688;73000000;103891409
8698;78000000;179265204
8699;26000000;90574188
8741;52000000;98126565
8744;6000000;0
8780;30000000;63833449
8810;2000000;24600832
8814;60000000;55987321
8818;55000000;141047179
8831;27000000;101646581
8834;75000000;136982834
8835;18000000;141774679
8836;30000000;68369434
8838;60000000;0
8839;50000000;287928194
8840;57000000;115267375
8841;0;28814580
8842;39000000;6614280
8843;33000000;104155843
8847;0;0
8848;20000000;64822796
8849;60000000;13395939
8850;25000000;48063435
8854;16000000;1686429
8859;13000000;73180723
8869;0;0
8870;80000000;33463969
8871;123000000;345141403
8872;20000000;121697323
8874;38000000;299288605
8875;2600000;0
8879;0;41410568
8883;6500000;0
8885;2000000;11125849
8909;75000000;258270008
8913;11500000;57469467
8914;60000000;73648228
8916;60000000;171757863
8920;50000000;200804534
8922;10000000;59217789
8942;200000;0
8944;25000000;6673422
8952;13000000;10652035
8953;20000000;0
8960;150000000;624029371
8961;130000000;273339556
8963;53000000;157387195
8966;37000000;392616625
8967;32000000;54674226
8968;20000000;67192859
8970;75000000;29000000
8975;20000000;22165608
8976;30000000;42886719
8978;30000000;35294470
8981;0;0
8982;6000000;27165581
8984;55000000;214015089
8987;45000000;0
8988;25000000;11207130
8998;6500000;13368437
8999;22000000;57479076
9003;1000000;14564027
9007;58000000;102854431
9008;90000000;60289912
9009;30000000;25473093
9012;5000000;64282312
9013;30000000;38413606
9016;140000000;109578115
9021;65000000;172855065
9022;750000;0
9023;80000000;122563539
9026;0;0
9027;0;0
9029;35000000;170000000
9030;12000000;56309766
9032;34200000;234801895
9034;10000000;0
9035;15500000;0
9036;40000000;120455994
9042;30000000;15007991
9043;0;0
9045;0;0
9053;21000000;480314
9059;0;0
9067;25000000;4064495
9072;64000000;101595121
9074;0;12382362
9075;21000000;26193068
9087;62000000;107879496
9089;0;17519169
9092;26000000;0
9093;35000000;29882645
9095;47000000;12379402
9096;40000000;0
9099;0;0
9100;15000000;24769466
9104;15000000;0
9208;50000000;150270147
9257;80000000;116643346
9260;1200000;0
9266;25000000;51842679
9268;100000000;242295562
9271;30000000;24048000
9273;30000000;212385533
9275;55000000;0
9276;15000000;40283321
9277;5500000;159616327
9279;60000000;129832389
9280;35000000;16838910
9281;12000000;68706993
9282;6000000;0
9285;16000000;119754278
9286;25000000;117719158
9288;0;0
9289;10000000;50100000
9290;21150000;39438674
9291;82000000;190320568
9292;65000000;17218080
9294;32000000;152036382
9297;75000000;140175006
9302;60000000;0
9303;4500000;7011317
9304;45000000;0
9306;40000000;49627779
9310;17000000;7314027
9311;35000000;0
9312;18000000;122195920
9313;0;0
9315;55000000;223387299
9327;54000000;128769345
9331;62000000;215887717
9334;60000000;165333180
9335;32000000;85167639
9336;4500000;146198896
9339;82500000;237681299
9341;60000000;74208267
9342;95000000;250288523
9344;1500000;7412216
9348;35000000;113374103
9350;70000000;255000211
9352;25000000;20796847
9353;32000000;80197993
9355;12305523;36230219
9357;12000000;52223306
9358;26000000;90426405
9360;45000000;136885767
9361;40000000;75505856
9362;11000000;48572000
9366;35000000;41954997
9367;220000;2040920
9372;65000;28575078
9374;55000000;149022650
9378;0;0
9381;70000000;72108608
9383;95000000;190213455
9384;60000000;170268750
9387;20000000;79114085
9388;6500000;24793509
9389;18000000;1831348
9390;50000000;273552592
9392;0;0
9396;0;239606210
9398;28000000;60780981
9400;9000000;41590886
9408;85000000;149044513
9414;20000000;13801755
9416;0;0
9422;70000000;56702901
9424;15000000;17507368
9425;75000000;14567883
9427;3500000;257850122
9428;21000000;71441250
9429;17000000;30331165
9430;6500000;28451622
9433;0;43312294
9434;0;28084357
9437;27000000;60527873
9440;65000000;0
9441;0;0
9443;5500000;58972904
9444;53000000;139804348
9447;90000000;69131860
9448;13000000;27007143
9449;29000000;0
9451;0;0
9452;30000000;29202884
9454;26000000;65705772
9455;25000000;15156200
9457;45000000;11203026
9459;600000;34505110
9464;1500000;2375097
9466;0;0
9469;25000000;21567853
9470;20000000;100914445
9471;120000000;259175788
9472;20000000;167722310
9473;21000000;0
9476;65000000;117487473
9481;73000000;151493655
9486;40000000;160583018
9487;120000000;363258859
9488;38000000;119723358
9489;65000000;250821495
9490;8000000;17460020
9493;15000000;216614388
9495;15000000;94000000
9502;130000000;631744560
9504;12500000;10725228
9509;70000000;130293714
9513;0;141702264
9515;10000000;17297244
9516;3500000;27900000
9517;0;480811
9526;10000000;0
9531;39000000;75850624
9532;23000000;53302314
9533;78000000;209196298
9535;80000000;176885658
9541;35000000;36098382
9543;150000000;335154643
9544;40000000;18902015
9548;49000000;20423389
9549;27000000;21500000
9550;0;92863945
9552;8000000;441306145
9555;0;0
9557;20000000;8586376
9562;80000000;19480739
9563;55000000;100230832
9566;55000000;18626419
9567;70000000;85632458
9570;20000000;35841901
9571;6900000;7993039
9573;50000000;26199517
9574;80000000;177977226
9576;21000000;177200000
9582;20000000;17432163
9583;27000000;0
9587;18000000;0
9588;0;0
9591;0;34585416
9593;85000000;137298489
9594;15000000;30102717
9598;30000000;254134910
9600;30000000;173959438
9603;12000000;0
9607;48000000;20915465
9610;18000000;100000000
9613;0;0
9614;12000000;41205099
9615;85000000;158468292
9616;35000000;11560806
9618;55000000;63408614
9619;116000000;178127760
9620;60000000;96269812
9621;57000000;52034889
9623;44000000;0
9624;50000000;49000000
9625;45000000;0
9626;17900000;6948633
9631;50000000;44547681
9637;84000000;275650703
9641;60000000;129181830
9644;0;0
9645;35000000;68349884
9647;0;60328000
9654;60000000;176070171
9655;20000000;33889159
9656;9000000;21510851
9659;400000;100000000
9662;8000000;1477676
9664;60000000;17800000
9665;18000000;26828365
9667;29000000;21126225
9671;5000000;328203506
9672;13000000;1151330
9675;16000000;109502303
9676;50000000;49111202
9678;85000000;0
9679;90000000;237202299
9682;38000000;29907685
9683;0;0
9685;9000000;4777465
9686;15000000;0
9689;16000000;0
9691;50000000;30303072
9693;76000000;69959751
9697;75000000;42285169
9700;9600000;4386236
9701;35000000;25224242
9702;35000000;0
9703;67000000;25303038
9705;102000000;147080413
9707;1000000;0
9709;0;0
9713;60000000;0
9715;0;0
9716;20000000;0
9718;72500000;162966177
9725;1250000;21722776
9726;35000000;42064105
9728;4000000;36690067
9729;25000000;0
9730;2600000;32980880
9731;2200000;21930418
9737;19000000;141407024
9741;75000000;248118121
9746;28000000;5684789
9754;45000000;82800000
9759;25000000;56422687
9760;20000000;86865564
9762;12000000;114194847
9763;30000000;27610873
9766;30000000;41480851
9767;52000000;204999686
9770;50000000;10541523
9772;85000000;315156409
9776;0;0
9778;28000000;77516304
9779;25000000;39053061
9781;6500000;4217115
9782;0;0
9783;0;0
9787;25000000;13411957
9792;15000000;69623713
9793;15000000;0
9794;12000000;38368909
9798;90000000;250649836
9799;38000000;207283925
9800;26000000;206678440
9801;50000000;40203020
9802;75000000;335062621
9804;175000000;264218220
9806;92000000;631442092
9809;4000000;4630045
9813;900000;381420
9816;13000000;91038276
9819;0;0
9821;0;0
9822;90000000;0
9823;30000000;51376861
9824;68000000;29762011
9825;27000000;56870414
9826;45000000;17300889
9829;15000000;76286096
9833;70000000;154648887
9836;100000000;384335608
9837;70000000;218613188
9839;35000000;0
9842;20000000;17807569
9849;65000000;36850101
9869;45000000;178051587
9870;30000000;105173115
9877;14000000;72527595
9879;50000000;113309743
9880;37000000;165335153
9882;70000000;116672912
9884;85000000;78382433
9889;40000000;141069860
9890;90000000;102000000
9893;0;0
9894;47000000;102825796
9895;20000000;41237648
9896;48000000;85498534
9899;45000000;38058335
9900;0;6538177
9902;12600000;28650575
9903;25000000;11772461
9906;50000000;55181129
9907;51000000;72779000
9912;25000000;0
9913;43000000;91974818
9916;0;0
9918;0;42647449
9919;50000000;177371441
9920;30000000;31070211
9922;80000000;17626234
9923;50000000;22944502
9928;75000000;260696994
9930;0;0
9932;60000000;55003135
9942;11000000;49797148
9944;45000000;195268056
9945;20000000;0
9946;100000000;211989043
9947;43000000;56681566
9950;13000000;2636637
9952;10000000;7177143
9954;20000000;37597471
9955;53000000;0
9957;0;0
9962;8000000;16856124
9963;20000000;84146832
9969;0;47231070
9975;50000000;69834815
9978;40000000;23937870
9981;45000000;56070433
9982;150000000;314432665
9986;85000000;144000000
9988;17500000;19179969
9989;30000000;18195610
9991;0;0
9992;86000000;107944236
10003;68000000;118063304
10008;0;0
10012;35000000;19294901
10013;18000000;41382841
10014;3000000;29999213
10016;28000000;14010832
10017;2700000;3500000
10022;56000000;113006880
10024;30000000;95714875
10025;28000000;38159905
10027;45000000;50871113
10028;18000000;62646763
10029;30000000;9898412
10030;25000000;59192128
10034;0;0
10040;0;0
10045;12000000;9584131
10047;60000000;66976317
10048;135000000;76932943
10050;10000000;0
10052;60000000;52322400
10053;15000000;66966987
10054;35000000;147934180
10060;40000000;46442528
10061;50000000;42277365
10065;19000000;108047131
10066;40000000;68766121
10067;50000000;61112916
10068;17000000;6735922
10069;9000000;27105095
10070;0;658573
10071;0;0
10072;5000000;44793222
10073;20000000;48548426
10074;0;14334401
10075;0;0
10077;80000000;5989640
10090;10000000;20342161
10092;1000000;10047674
10096;37000000;96455697
10105;780000;0
10115;0;0
10117;7000000;20256975
10131;7000000;72500000
10132;4000000;3468572
10133;7500000;0
10135;15000000;30050028
10136;25000000;79817939
10137;133000000;300135367
10138;200000000;623933331
10139;20000000;54586584
10140;155000000;415686217
10147;23000000;76488889
10152;19000000;39267515
10153;75000000;13100000
10154;0;0
10156;11000000;31672907
10159;85000000;80916492
10160;8000000;22168359
10162;0;0
10163;10000000;32101000
10167;13000000;0
10179;9000000;0
10183;0;0
10184;40000000;177259441
10185;15000000;3533227
10186;15000000;8762890
10187;21000000;17600000
10188;27000000;44352417
10189;27000000;101624843
10191;165000000;494878759
10192;165000000;752600867
10193;200000000;1066969703
10195;150000000;449326618
10196;150000000;318502923
10197;80000000;53825515
10198;105000000;267045765
10199;60000000;50877145
10200;80000000;233093859
10201;70000000;225990978
10202;80000000;212874442
10204;110000000;72178895
10207;80000000;118880016
10208;24000000;16290976
10212;12000000;0
10214;84000000;0
10215;6000000;58000000
10217;5000000;3263585
10218;200000;4505922
10219;0;0
10220;12000000;22921898
10223;0;0
10225;3000000;19472057
10226;0;0
10229;11000000;41227069
10238;0;0
10246;4000000;125728258
10253;70000000;53587404
10269;12000000;30400000
10279;0;0
10280;0;0
10281;2800000;19170001
10283;5000000;14000000
10285;3000000;15938065
10288;8000000;426224
10306;10500000;14144000
10307;29000000;50041732
10312;50000000;202292902
10313;24000000;68729358
10314;10000000;103166989
10315;40000000;46471023
10316;12500000;75993061
10317;28000000;7002261
10320;50000000;161451538
10327;45000000;124914842
10329;50000000;152022101
10330;26000000;110230332
10331;114000;30000000
10333;30000000;74787599
10336;40000000;87840042
10339;4500000;10400000
10350;30000000;0
10353;0;0
10357;90000000;0
10358;24000000;42105111
10362;12000000;3148182
10364;18000000;24911670
10366;45000000;10667893
10368;12000000;21001563
10375;55000000;6416302
10377;11000000;64088552
10383;0;0
10384;90000000;14828081
10385;40000000;36037909
10386;70000000;23159305
10388;10000000;3193102
10390;50000000;0
10391;40000000;0
10393;0;0
10395;0;0
10397;25;13
10398;70000000;177841558
10400;50000000;73956241
10402;17000000;65535067
10410;35000000;0
10413;0;0
10414;10000000;50752337
10416;60000000;0
10425;22000000;413454
10426;20000000;33526835
10428;20000000;7563728
10431;25000000;40452643
10436;34000000;32255440
10437;0;27281507
10439;28000000;39514713
10445;22000000;0
10448;20000000;305070
10461;63600000;19412993
10468;43000000;0
10471;11000000;59827328
10472;9000000;0
10476;8000000;23563727
10477;94000000;54744738
10478;45000000;53854588
10480;24000000;0
10481;85000000;183611771
10483;45000000;73762516
10488;37000000;100076342
10490;10000000;10571408
10496;0;10
10501;95000000;76432727
10514;6500000;12376563
10521;30000000;114663461
10523;25100000;29506464
10527;150000000;603900354
10528;90000000;524028679
10530;55000000;346079773
10533;50000000;10382407
10534;38000000;10300000
10535;18000000;0
10537;38000000;34416893
10545;100000000;100138851
10549;0;0
10550;70000000;19924033
10555;75000000;367275019
10557;3800000;28200000
10559;31000000;68106245
10560;18000000;17200925
10563;20000000;0
10564;15000000;33771174
10567;127500000;354248063
10569;0;0
10571;16000000;20627372
10577;28000000;33000337
10585;9000000;44196684
10586;50000000;75000000
10588;0;0
10589;60000000;61347797
10590;75000000;114660784
10591;25000000;30411183
10592;70000000;32287044
10603;55000000;0
10610;41000000;0
10611;12000000;75781642
10615;0;0
10622;12716953;18814720
10623;25000000;56489558
10625;17000000;129042871
10628;0;0
10629;17000000;1569918
10632;55000000;34234008
10634;3500000;28215918
10637;30000000;136706683
10641;65000000;0
10642;0;0
10643;1000000;10037390
10646;11000000;23430766
10647;40000000;55707411
10655;0;25000000
10656;2000000;390659
10658;37000000;37962774
10661;90000000;201596308
10663;23000000;185991646
10664;5600000;18469680
10673;15000000;43848069
10674;90000000;304320254
10676;2500000;14400000
10678;20000000;132675402
10681;180000000;521311860
10683;3000000;2807390
10684;46000000;100860818
10685;33000000;0
10691;13000000;16929123
10696;22000000;5271666
10705;9000000;0
10707;1500000;11098131
10708;60000000;164433867
10710;40000000;0
10712;13500000;29027914
10715;80000000;68514844
10718;40000000;46546197
10719;32000000;173398518
10724;18000000;70687344
10727;0;0
10731;45000000;117615211
10733;145000000;25819961
10734;8000000;43000000
10735;0;0
10739;0;0
10740;20000000;0
10741;0;0
10743;0;0
10744;32000000;0
10748;0;0
10756;90000000;182290266
10758;2000000;22179430
10760;16500000;13620075
10761;40000000;84601681
10762;19000000;69631118
10764;200000000;586090727
10765;0;0
10771;0;0
10773;0;0
10774;3800000;23689877
10776;25000000;38748395
10781;16000000;0
10782;50000000;42792561
10783;65000000;0
10786;0;0
10796;49000000;72700000
10800;15000000;0
10802;45000000;20350754
10803;9000000;25000000
10806;35000000;0
10808;70000000;176104344
10822;4600000;0
10833;35000000;0
10844;0;0
10858;44000000;13681765
10861;25000000;51702483
10865;120000000;186053725
10866;23000000;36642838
10871;37000000;6482195
10873;8000000;8279017
10876;13500000;7060876
10877;50000000;79958599
10878;22000000;19351569
10885;0;0
10890;10000000;85300000
10894;500000;150277
10895;2600000;84300000
10913;0;0
10914;0;0
10923;28000000;58795814
10925;4000000;14237000
10929;22000000;0
10930;0;0
10934;0;0
10935;44000000;3484331
10944;12000000;23
10947;4200000;0
10950;22000000;92542418
10955;30000000;0
10956;17700000;30987695
10970;0;0
10972;1500000;373967
10981;0;0
10982;15000000;51053787
10984;0;0
10985;13000000;0
10987;5000000;15116634
10991;16000000;68411275
10992;60000000;93375151
10994;0;0
10996;120000000;169956806
10998;14000000;320145693
10999;10000000;57500000
11001;65000000;117758500
11004;35000000;0
11007;40000000;190212113
11011;40000000;0
11013;4000000;9304609
11015;60000000;33956608
11022;6500000;12633747
11023;2000000;4601043
11024;0;181466833
11025;0;0
11026;80000000;78000586
11027;12000000;0
11033;6500000;31899000
11036;29000000;115603229
11042;8000000;3432342
11051;7000000;8373585
11056;0;0
11058;25000000;30114487
11062;0;0
11065;0;16017403
11066;40000000;70100000
11072;2600000;119500000
11086;72000000;37317558
11090;22000000;84772742
11091;48000000;35743308
11093;16500000;16942795
11096;25000000;122644820
11109;11000000;0
11113;17000000;72070731
11128;60000000;74541707
11129;600000;4000000
11130;40000000;95149435
11132;15000000;29331068
11137;0;0
11141;28000000;30016165
11152;8000000;0
11153;15000000;61399552
11156;0;0
11162;0;0
11165;25485000;29548291
11170;65000000;43545364
11172;40000000;145896422
11176;0;76657000
11184;0;0
11186;13000000;35763605
11190;0;0
11191;0;0
11194;0;13885802
11199;0;253625427
11202;12000000;89800000
11208;30000000;13001257
11212;50000000;16671505
11217;8500000;5001655
11219;1200000;7000000
11228;80000000;159212469
11229;3000000;0
11232;0;0
11237;20000000;70992898
11240;860000;2451545
11247;19000000;70067909
11249;12000000;24829644
11253;85000000;160388063
11257;3000000;20966644
11258;70000000;19870567
11260;60000000;50650079
11282;9000000;23936908
11283;25000000;122489822
11284;11000000;34872033
11287;40000000;107458785
11298;1000000;17985893
11302;2000000;11833696
11306;38000000;17380126
11308;7500000;0
11313;31000000;24185781
11321;55000000;168167691
11322;80000000;214104620
11323;22000000;35424826
11324;80000000;294804195
11336;10000000;20766616
11342;7000000;0
11351;17000000;63102666
11353;55000000;0
11354;0;0
11357;5000000;17768757
11358;56000000;57223890
11359;45000000;0
11361;5000000;11642254
11362;35000000;75395048
11363;3500000;9482579
11370;40000000;27053815
11371;68000000;71069884
11374;80000000;0
11375;75000000;51142659
11377;19000000;40846082
11382;0;0
11386;3705538;62548947
11395;22000000;189833357
11397;16000000;66468332
11398;40000000;30199105
11400;30000000;30536013
11404;0;0
11411;17000000;19300000
11412;65000000;89456761
11426;1650000;30500000
11431;30000000;50451307
11439;45000000;60222298
11442;13000000;37664855
11446;0;0
11451;50000000;66002004
11452;5000000;38275483
11453;22000000;22400154
11456;75000000;54249294
11457;18000000;0
11458;20000000;0
11459;35000000;86369815
11460;26000000;57891803
11467;0;0
11468;18000000;676698
11469;0;0
11470;11000000;16951798
11478;15000000;35007180
11495;15000000;17080167
11499;0;0
11507;10000000;8801940
11509;26000000;0
11516;35866397;20217080
11517;60000000;35431113
11519;35000000;31755742
11529;30000000;180622424
11531;0;0
11535;0;0
11536;4000000;8200000
11543;27000000;25023434
11544;80000000;145771527
11545;9000000;17096053
11546;0;126247
11551;40000000;54682547
11560;42000000;63781810
11561;2000000;18344729
11564;4300000;0
11565;40000000;138259062
11576;9400000;60000000
11577;4638783;11000000
11583;6000000;0
11586;14000000;30749142
11588;8800000;0
11592;13000000;7820688
11596;14000000;18090181
11598;600000;0
11600;5000000;782102
11601;12000000;21133087
11615;50000000;38955598
11618;80000000;91188905
11619;149000000;64459316
11620;8250000;30000000
11622;35000000;40263020
11624;2000000;18016290
11631;52000000;609841637
11632;23000000;16123851
11635;24000000;87055349
11637;32000000;97918663
11638;35000000;68915888
11644;18000000;12000000
11648;30000000;58405313
11658;0;15
11661;22000000;17709155
11665;80000000;230685453
11667;35000000;99423521
11676;25000000;0
11678;75000000;215663859
11679;60000000;71073932
11683;15000000;46770602
11687;0;0
11688;100000000;169327687
11690;1500000;11806119
11692;100000000;7103973
11697;3200000;8000000
11699;25000000;10589102
11702;30000000;19204929
11770;0;42776760
11775;60000000;119940815
11778;15000000;50000000
11780;28000000;31596911
11798;2380000;8176544
11802;37000000;63800345
11804;10000000;91196419
11812;43000000;68696770
11817;52000000;0
11818;10000000;0
11820;65000000;0
11823;31000000;41512007
11826;5000000;0
11827;9300000;0
11831;36000000;74000000
11835;20000000;16974459
11836;30000000;140161792
11843;5000000;41833347
11858;40000000;24332324
11863;50000000;9851610
11866;45000000;21009180
11870;15000000;52970014
11873;13800000;52293982
11876;35000000;15000000
11887;0;0
11888;33000000;0
11889;0;0
11891;0;0
11892;50000000;56714147
11901;5500000;15700000
11904;18000000;0
11908;0;0
11917;10800000;113857533
11918;35000000;25871834
11932;25000000;50671850
11934;30000000;0
11935;5000000;0
11954;25000000;0
11956;0;0
11959;5000000;0
11967;13000000;44726644
11968;50000000;44434439
11969;25000000;56505065
11971;8000000;0
11973;80000000;34566746
11975;40000000;45916769
11977;6000000;39846344
11978;32000000;48814909
11979;35000000;45479110
11980;8;16
11983;65000000;0
12079;2000000;0
12085;0;0
12088;8000000;6739141
12090;18000000;101564935
12093;0;0
12094;11000000;72778712
12096;0;0
12100;115000000;77628265
12103;50000000;100020092
12106;32000000;18552460
12107;84000000;123307945
12109;2000000;120620
12113;70000000;113280098
12117;80000000;0
12120;20000000;13854000
12123;50000000;60209334
12133;65000000;128107642
12138;62000000;18720175
12142;20000000;10442808
12144;12300000;84460846
12149;11000000;13110448
12150;19000000;110879513
12153;37000000;113086475
12154;0;0
12155;200000000;1025491110
12158;14000000;19800000
12159;85000000;71485043
12160;63000000;25052000
12162;15000000;42000000
12163;6000000;44703995
12177;62000000;41819064
12182;9000000;32973937
12183;0;0
12184;35000000;0
12192;8000000;0
12193;80000000;163733697
12201;80000000;74901339
12207;0;0
12211;25000000;15843608
12212;14000000;38574362
12220;50000000;58900031
12227;14000000;34793160
12228;2000000;653621
12244;30000000;48428063
12245;14100000;0
12246;18000000;26527510
12247;0;0
12257;15000000;10443316
12271;7000000;0
12277;25000000;41604473
12279;38000000;197011982
12281;500000;603943
12289;80341000;127814609
12312;38000000;0
12400;7000000;0
12403;14000000;22852638
12404;25000000;2336172
12405;15000000;377910544
12410;0;0
12412;45000000;9323833
12429;41677699;187479518
12437;35000000;91353501
12454;9000000;0
12479;12000000;0
12484;5000000;0
12486;0;0
12498;1000000;24475416
12506;0;0
12508;57000000;16991902
12509;0;0
12535;3400000;31063038
12555;0;0
12569;8000000;10848783
12573;7000000;31430334
12586;0;0
12589;25000000;80936232
12596;33000000;0
12602;0;0
12610;75000000;13596911
12612;0;0
12618;64000000;74608570
12620;25000000;70442940
12621;0;0
12634;50000000;6808550
12637;0;0
12657;16000000;14822346
12658;23000000;0
12690;20000000;20211394
12703;10000000;0
12704;55000000;14375181
12763;30000000;34742066
12770;0;0
12771;29000000;16930185
12779;10000000;598645
12783;0;0
12797;0;0
12819;20000000;39300000
12837;11000000;38105395
12838;0;0
12877;0;0
12901;2000000;1431623
12920;0;0
13001;7000000;8900000
13006;7;5
13007;0;0
13025;2000000;5364858
13027;80000000;178066569
13051;35000000;85416905
13053;150000000;309979994
13056;20500000;10089373
13064;2600000;2850263
13066;0;0
13067;10000000;17500000
13072;8000000;458232
13074;0;0
13075;2000000;622806
13079;8000000;0
13090;5000000;16174377
13092;27000000;17286299
13121;0;0
13132;0;0
13150;30000000;31148328
13154;8000000;2275557
13155;25000000;11137801
13156;0;0
13158;0;0
13159;20000000;0
13160;10000000;0
13166;0;0
13173;0;0
13183;130000000;185258983
13184;45000000;42487390
13187;0;0
13191;5000000;1296184
13193;0;0
13197;8000000;143451
13198;0;0
13201;0;0
13223;33000000;269958228
13250;20000000;0
13260;0;33472850
13279;20000000;27640028
13282;300000;8000000
13335;12000000;43493123
13342;4500000;27092880
13362;1000000;274661
13363;0;0
13370;6000000;18750246
13374;25000000;27645491
13389;60000000;73174566
13403;0;0
13405;40000000;7400000
13408;7000000;10229331
13411;0;0
13429;0;0
13435;12500000;23367586
13448;150000000;356613439
13460;30000000;22211426
13475;150000000;385680446
13476;17000000;16980098
13483;86000000;14373825
13490;35000000;43650785
13491;25000000;0
13495;24000000;23321954
13496;35000000;13678913
13497;20000000;57588485
13498;40000000;0
13501;15000000;20380
13503;0;0
13508;1000000;1678874
13510;0;3983997
13515;35000000;72436439
13516;0;0
13518;0;0
13523;19000000;18755936
13536;40000000;22433915
13537;6000000;2944752
13538;0;0
13539;0;0
13551;0;0
13569;0;0
13576;60000000;0
13579;0;0
13596;20000000;36620508
13600;55000000;17869048
13649;0;7000000
13673;60000000;0
13680;22000000;147880543
13682;0;0
13685;7000000;560069
13688;0;47301471
13689;0;0
13700;110000000;103951461
13751;8000000;18948425
13768;0;0
13776;0;0
13778;0;0
13785;0;0
13788;16000000;76514050
13805;25000000;14109284
13807;4500000;0
13809;18000000;25739015
13811;50000000;155446362
13812;12000000;40855419
13816;0;0
13820;1500000;2300000
13824;0;0
13827;6000000;69497
13836;50000000;106303988
13849;0;0
13853;15000000;0
13856;1000000;7202
13888;11000000;2807854
13889;0;0
13898;0;0
13908;0;0
13909;1600000;5400000
13919;0;0
13920;32000000;52277485
13922;80000000;10166502
13937;12000000;37170057
13938;10000000;25754284
13948;20000000;7000000
13950;14000000;25482931
13960;20000000;21170563
13963;0;321952
13967;30000000;35078241
13972;16000000;50007546
13973;3000000;3830137
13982;0;0
13983;0;0
13990;6000000;2899975
13991;7000000;6230276
13994;0;2945242
13996;5000000;4040588
14012;15000000;21000000
14014;0;0
14022;0;0
14024;15000000;14867514
14033;0;0
14034;45000000;0
14043;0;0
14047;15000000;30226144
14048;0;2957978
14054;0;414404
14057;9000000;0
14112;7000000;2062066
14113;35000000;12506188
14114;0;0
14120;0;0
14137;0;0
14139;2600000;553198
14144;6000000;18197398
14156;0;0
14160;175000000;735099082
14161;200000000;769653595
14164;100000000;0
14165;0;0
14175;35000000;19478106
14177;25000000;36351350
14181;26000000;28780255
14191;12000000;23006849
14195;10000000;0
14199;50000000;69425966
14202;19400000;0
14220;0;6575282
14256;3500000;113783
14271;2053648;500000
14275;700000;7830611
14278;300000;1750211
14283;18000000;9495408
14284;2000000;0
14290;0;0
14292;28000000;64445708
14293;0;0
14295;0;0
14299;12000000;0
14306;60000000;244082376
14317;35000000;0
14324;38000000;5410749
14325;40000000;9793496
14337;7000;424760
14351;5800000;7000000
14353;0;188126
14358;0;0
14359;20000000;50907234
14369;24000000;14782676
14392;40000000;0
14395;7400000;17000000
14396;20000000;10337477
14405;20000000;149281606
14411;60000000;26288320
14425;9000000;4350774
14429;8000000;22593409
14434;11000000;13196245
14435;15000000;100734718
14438;500000;33456317
14442;31000000;27388767
14444;30000000;100491683
14451;800000;1984662
14462;80000000;96105964
14474;5000000;0
14517;4000000;866999
14536;8000000;29010817
14538;0;0
14544;0;0
14557;0;0
14560;26000000;183293131
14574;12500000;20416563
14576;6800000;0
14577;0;0
14578;7000000;7292175
14582;0;0
14585;0;0
14608;0;0
14623;57000000;28283637
14624;0;0
14629;8000000;0
14631;6500000;2025032
14635;20000000;75597042
14652;0;0
14655;0;0
14662;5000000;0
14709;0;0
14729;10000000;15795189
14736;20000000;27728118
14745;0;0
14757;46000;0
14758;0;0
14778;0;0
14799;12000000;5542025
14811;9000000;83304330
14823;0;0
14834;0;0
14836;60000000;124596398
14844;23000000;12
14846;35000000;22034832
14849;0;0
14854;5000000;12232628
14869;175000000;302469017
14873;20000000;135680000
14877;11000000;0
14902;0;0
14914;0;0
14976;0;0
15005;20000000;13391174
15013;0;0
15017;10000000;0
15028;26000000;38793283
15037;10000000;25605015
15045;0;0
15049;8000000;12671300
15059;4000000;0
15067;10000000;0
15070;20000000;12398628
15074;40000000;10959475
15092;20000000;34560577
15121;8200000;286214286
15122;0;0
15158;3000000;7282851
15173;0;0
15186;2000000;2506446
15189;35000000;73034460
15198;28000000;8888143
15208;0;0
15237;20000000;0
15239;0;0
15250;13000000;0
15256;6000000;6852450
15268;50000000;12764201
15301;10000000;29450919
15365;0;0
15373;28000000;92380927
15389;225000;0
15394;0;0
15487;25000000;15431177
15489;0;0
15511;0;0
15512;175000000;381509870
15544;0;0
15556;0;0
15568;9000000;2955039
15581;0;0
15582;0;0
15624;450000;973525
15639;0;0
15644;20000000;16605763
15647;1000000;10013424
15648;0;0
15655;30000000;45554533
15660;0;0
15670;0;90508336
15673;20000000;11341016
15699;5000000;140666
15708;850000;819939
15745;5000000;5476060
15765;0;0
15797;6000000;3283371
15800;0;0
15875;2686000;6600000
15907;12000000;0
15927;8000000;27187653
15976;0;0
15983;0;0
15992;25000000;10719357
16005;0;0
16016;0;0
16028;17000000;0
16052;20000000;60000000
16072;56000000;12923936
16096;0;0
16110;0;0
16112;0;0
16148;5000000;1980338
16155;0;0
16158;6000000;25059640
16161;16000000;29381649
16162;9000000;34573780
16172;6000000;4398989
16186;0;0
16205;0;0
16222;15000000;9902115
16232;30000000;21800302
16241;0;0
16281;8000000;21028755
16288;3500000;14000000
16290;20000000;117224271
16300;0;0
16320;39000000;38869464
16323;9250000;29174648
16337;4700000;8025872
16340;30;103
16351;0;0
16353;8500000;8936663
16358;0;0
16363;35000000;69701637
16388;0;0
16406;13000000;27500000
16428;0;0
16433;0;0
16441;0;14056528
16448;0;0
16471;0;0
16508;0;0
16523;100000000;100086793
16538;41000000;91636986
16558;78146652;60000000
16564;4000000;530048
16577;65000000;44091067
16608;2000000;5048693
16614;9500000;17164377
16617;27000000;21148829
16619;6000000;0
16620;6500000;54215416
16633;5100000;0
16642;0;0
16643;40000000;16872671
16651;7000000;4720371
16653;0;0
16690;20000000;109862682
16727;12000000;20138836
16769;15000000;67182787
16781;6000000;57231524
16784;30000000;14000000
16857;0;0
16858;0;37823676
16866;70000000;104945765
16869;70000000;319131050
16871;30000000;90810892
16888;24000000;13700000
16899;0;0
16911;36500000;21834845
16988;0;0
16991;0;24007324
16995;60000000;87784194
16996;20000000;136267476
17043;0;33082548
17044;0;0
17047;26000000;28818995
17113;1500000;712294
17127;15000000;46905889
17130;12000000;61141030
17134;20000000;17280326
17139;4500000;0
17170;0;0
17182;20000000;0
17186;0;3102550
17187;0;0
17202;15000000;55184721
17264;2700000;37799643
17277;19000000;4750000
17287;0;0
17332;60000000;31720158
17334;14000000;0
17339;5000000;7230000
17345;0;0
17379;45000000;38399961
17403;0;0
17431;5000000;9760104
17436;18000000;382174
17577;10000000;0
17578;130000000;371940071
17610;60000000;62357900
17622;0;0
17644;0;0
17654;30000000;210819611
17663;0;0
17707;25000000;13000000
17708;11000000;23978402
17709;70000000;0
17710;0;0
17711;76000000;35134820
17734;0;0
17768;0;0
17795;0;0
17813;30000000;15368897
17820;2300000;11000000
17834;28000000;8345056
17880;14000000;32645546
17908;7000000;0
17917;10000000;37402877
17926;9000000;1046166
17979;200000000;325233863
17994;0;0
17995;0;0
18041;14000000;5108820
18045;500000;0
18065;0;0
18074;0;0
18079;1500000;0
18126;35000000;155545279
18147;26000000;0
18162;100000000;68688831
18191;10000000;0
18206;1000000;10018
18238;0;0
18239;50000000;709827462
18240;40000000;317375031
18254;32000000;40382659
18276;0;0
18292;0;0
18320;35000000;27409889
18357;35000000;0
18360;150000000;413106170
18405;15000000;32721635
18442;5000000;0
18475;16000000;12
18480;42000000;0
18487;100000000;150166126
18501;50000000;40828540
18516;10000000;0
18530;11500000;0
18533;230000;2260712
18550;25000000;17193231
18570;0;0
18602;0;0
18615;16800000;2281089
18616;2000000;0
18632;120000;0
18681;15000000;0
18701;0;0
18712;1000000;7800000
18713;0;0
18734;700000;1667192
18736;17000000;55534455
18777;15500000;1237615
18785;35000000;459270619
18808;14000000;0
18823;125000000;232713139
18828;0;0
18840;0;0
18841;0;0
18869;0;0
18885;0;0
18886;35000000;0
18892;3000000;3076820
18900;3500000;13007551
18923;6500000;1548955
18925;100000;10178331
18937;40000000;38172500
18947;50000000;36348784
18975;0;0
19052;0;0
19084;12000000;31179516
19150;0;0
19153;0;0
19187;1000000;0
19204;0;0
19255;17000000;14899417
19265;15000000;35097815
19316;0;0
19344;900000;0
19366;22000000;0
19405;10000000;44460850
19419;0;0
19457;0;0
19489;0;0
19495;25000000;0
19556;0;0
19585;150000000;292817841
19615;0;0
19644;8000000;0
19724;55000000;0
19803;0;0
19840;18000000;0
19844;0;0
19848;0;0
19898;33000000;20645327
19899;70000000;171844840
19901;20000000;51416464
19904;0;0
19905;10000000;0
19908;23600000;102391382
19912;40000000;186167139
19913;7500000;60722734
19933;2000000;0
19959;80000000;122444772
19994;16000000;31556061
19995;237000000;2787965087
19997;1250000;8500000
20009;14000000;6413915
20024;23000000;10827816
20055;3500000;0
20065;4000000;0
20083;15000000;0
20156;0;0
20178;10000000;295750
20296;0;0
20309;25000000;0
20322;0;0
20337;3000000;19184015
20352;69000000;543513985
20360;0;0
20391;20000000;31678778
20406;0;0
20455;5500000;0
20468;0;0
20483;18000000;16702864
20504;80000000;157107755
20520;0;0
20526;170000000;400062763
20533;47000000;10539000
20542;40000000;0
20616;8500000;34411240
20653;7000000;1100000
20662;200000000;310669540
20694;0;0
20697;24000000;12372410
20737;3000000;23144499
20761;24000000;8434146
20763;35000000;4651977
20764;2500000;107559
20766;32000000;27635305
20770;0;0
20794;6000000;2025238
20829;75000000;61458982
20856;45000000;57881056
20857;32000000;40222729
20862;0;0
20943;38000000;205298907
20981;50000;0
21014;0;0
21074;0;0
21208;20000000;41596251
21283;0;0
21301;18000000;65070412
21309;19000000;0
21311;34000000;0
21334;180000;900000
21338;0;0
21345;12000000;10652498
21349;23000000;18653615
21355;57000000;0
21413;1000000;0
21461;0;0
21494;0;0
21512;0;882290
21525;300000;7808524
21610;5000000;19905359
21612;12500000;1227324
21641;10000000;0
21724;0;0
21755;20000000;5530764
21765;17000000;0
21801;0;0
21972;30000000;0
22007;0;0
22013;3000000;10400000
22051;0;2277396
22074;20000000;17436509
22102;0;0
22215;23000000;9366227
22256;25000000;777423
22267;38000000;635096
22301;3950000;8000000
22314;7000000;14011454
22327;18000000;0
22345;12000000;36450736
22479;18000000;0
22488;0;0
22530;0;0
22538;60000000;47664559
22556;15000000;317000
22597;1000000;1744858
22600;0;0
22617;0;0
22649;4;25
22787;40000000;12206028
22794;100000000;242988466
22796;20000000;18253415
22798;15000000;16633035
22803;53000000;126690726
22804;11000000;68233629
22805;0;0
22820;10000000;0
22821;8000000;10629321
22824;10000000;42333295
22825;30000000;33333531
22832;40000000;60462347
22881;29000000;309208309
22894;26000000;67918658
22897;85000000;219103655
22907;32000000;69055695
22908;0;0
22913;0;0
22947;25000000;163670000
22949;35000000;92219310
22954;60000000;122233971
22970;30000000;66486080
22971;25000000;114977104
22972;100000000;94882889
23048;36000000;64572262
23049;17000000;20455276
23069;0;0
23082;18500000;31912793
23168;37000000;154026136
23169;20000000;0
23172;28000000;45236543
23330;3716946;5000000
23367;20000000;5210988
23398;75000000;443140005
23479;35000000;35323292
23483;28000000;96188903
23531;3000000;0
23570;8000000;0
23618;0;0
23629;82000000;89792502
23631;20000000;31327899
23655;0;0
23685;75000000;5409517
23706;15000000;40105542
23730;1250000;3412497
23742;30000000;55583804
23759;12000000;6814789
23827;15000;193355800
23963;1500000;32000
23988;108;0
24021;68000000;698491347
24034;10000000;0
24055;0;0
24066;1700000;1943649
24071;0;0
24100;22000000;13555988
24113;90000000;10372291
24126;0;0
24137;14000000;18535191
24150;15000000;39421467
24206;15000000;76382
24226;16000000;53977250
24227;3000000;1200000
24264;25000000;5778353
24266;3500000;20659423
24356;0;0
24363;0;0
24418;40000000;28169671
24420;39000000;101229792
24424;0;0
24428;220000000;1519557910
24432;0;0
24438;58000000;85280250
24469;3000000;2357852
24575;0;0
24621;0;6126237
24662;32000000;3566637
24663;0;0
24664;0;0
24684;7500000;26096852
24746;2000000;124494
24747;0;0
24748;2500000;10000000
24803;40000000;129540499
24869;250000;0
24913;5000000;0
24940;14000000;10424470
24961;24000000;21049053
24973;5000000;15000000
24977;0;21268532
24985;7000000;0
25066;6000000;12000000
25113;0;0
25132;40000000;28972508
25166;16000000;15427192
25186;10000000;9069
25189;42000000;0
25195;19000000;29922472
25196;7000000;39462438
25208;0;0
25209;3768785;8000000
25212;0;0
25248;0;0
25312;0;0
25350;10000000;0
25353;0;0
25376;2000000;33965843
25379;0;0
25388;0;0
25428;0;0
25461;800000;2816116
25462;6000000;0
25520;10000000;5164404
25636;0;0
25643;18000000;36133014
25678;0;0
25704;15000000;6405245
25719;3000000;302204
25763;17000000;8720000
25769;0;5802422
25784;1300000;639000
25786;0;0
25793;10000000;47536959
25941;7300000;10329747
25968;9000000;0
25975;0;0
25983;0;0
26022;12000000;42345360
26039;2500000;3200000
26171;21000000;0
26268;3500000;12000000
26306;8000000;589304
26320;0;0
26352;10000000;29392418
26367;0;0
26371;0;0
26379;3250000;0
26388;1987650;19152480
26389;52000000;52826594
26390;17000000;29536299
26428;70000000;39041505
26466;12000000;0
26486;0;0
26518;300000;0
26602;34000000;19693891
26618;0;0
26665;0;0
26672;28000000;669276
26673;0;0
26688;12500000;27206120
26710;0;51
26748;5000000;13269963
26791;1000000;852206
26815;1250000;0
26837;0;0
26843;35000000;0
26899;800000;62852
26916;0;0
26963;0;0
27004;7000000;46488
27022;150000000;215283742
27023;3800000;111731
27029;3500000;12800000
27191;4000000;36000000
27205;160000000;825532764
27322;10000000;0
27329;0;0
27342;0;0
27360;0;0
27374;0;0
27380;0;0
27404;0;0
27420;0;0
27451;0;0
27455;0;6033999
27549;6000000;869325
27551;0;0
27569;31000000;15134293
27573;40000000;136000000
27576;110000000;293329073
27578;80000000;274470394
27579;20000000;65464324
27581;100000000;170432927
27582;40000000;51070807
27585;5000000;5129058
27586;10000000;2995811
27588;0;0
27686;0;0
27723;1500000;0
27759;17000000;10000000
27845;0;0
27936;33000000;14000000
27983;0;0
27995;0;0
28005;3000000;4109095
28029;14000000;0
28053;6000000;6670712
28089;6500000;1521261
28121;0;0
28165;0;0
28178;16000000;47801389
28211;15000000;8459458
28260;2000000;54207
28353;0;13960203
28355;27000000;29000000
28580;1250000;11000000
28665;0;0
28666;0;0
28902;0;0
28932;11;11
29015;0;0
29064;0;2400000
29076;10000000;1631839
29078;0;0
29122;0;0
29146;950000;814666
29193;10000000;13835130
29262;0;0
29339;0;0
29371;0;0
29406;2000000;0
29426;4000000;0
29427;20000000;54956140
29461;0;0
29463;3000000;0
29514;9000000;0
29595;0;0
29697;0;0
29715;3800000;14873
29731;0;0
29912;4100000;36000000
29917;0;0
29920;0;0
29963;8500000;4440055
29996;5000000;12200000
30082;1500000;0
30128;7000000;1429299
30139;0;0
30141;0;0
30246;0;0
30309;0;0
30315;500000;17000000
30379;0;0
30497;85000;30859000
30596;23000000;5837674
30867;0;0
30890;16000000;0
30943;38000000;28121100
30973;10000000;4069090
30979;0;0
31005;21000000;10011050
31007;0;42145
31064;0;0
31117;0;9109322
31163;0;0
31166;18000000;0
31174;0;0
31175;5000000;17872796
31203;0;0
31246;12000000;4922166
31306;0;0
31535;0;0
31582;0;4488529
31640;26000000;0
31668;15000000;23000
31867;32000000;18409891
31908;0;0
31909;12000000;4884663
31915;12000000;54000000
31932;0;0
32222;250000;0
32235;0;0
32274;0;0
32275;6000000;20400000
32316;20000000;1675706
32395;6000000;0
32456;1000000;2057193
32579;0;23311391
32657;95000000;226497209
32740;0;0
32823;40000000;90029656
32856;52000000;216485654
33106;0;0
33155;5500000;4865000
33157;25000000;3052000
33196;16000000;11301649
33217;15000000;75700498
33430;0;0
33468;62000;0
33511;0;0
33542;7500000;32392047
33644;20000000;37672350
33667;2000000;7800000
33676;7000000;1246141
33693;0;76901
33870;25000000;20719451
33909;70000000;134748021
34016;20000000;49779728
34043;0;0
34069;0;0
34086;3000000;15369573
34099;0;0
34101;0;0
34106;1644736;7433101
34152;0;0
34314;55000000;11466088
34335;2000000;0
34341;7500000;4245870
34417;0;0
34549;12000000;17292381
34563;14000000;21409028
34584;27000000;20158808
34592;0;0
34647;13000000;754249
34653;7000000;0
34697;0;0
34723;6500000;0
34769;3500000;44462
34806;35000000;77477008
34813;25000000;23580000
34851;40000000;126248813
34941;0;0
35019;35000000;93246388
35032;3700000;2956000
35056;55000000;152263880
35073;210000;5000000
35169;35000000;39340177
35199;0;0
35219;0;0
35688;20000000;60072596
35689;0;0
35690;0;0
35691;0;0
35696;15600000;0
35791;60000000;300228084
35944;0;0
36046;7500000;3347647
36047;15000000;5217498
36095;20000;99000
36334;0;0
36351;5000000;0
36355;25530000;20080020
36419;4500000;3606395
36549;0;0
36557;150000000;599045960
36584;500000;0
36586;54000000;155010032
36593;30000000;51132598
36597;0;0
36643;135000000;361832400
36647;45000000;131183530
36648;65000000;128905366
36657;75000000;296339527
36658;110000000;407711549
36668;210000000;459359555
36669;140000000;431971116
36670;36000000;160000000
36691;15000000;5024782
36696;25000000;6500000
36739;0;0
36811;0;0
36819;5000000;42365581
36825;0;0
36955;115000000;378882411
36970;0;19406406
37003;15000000;22730842
37028;0;0
37056;30000000;0
37080;7000000;0
37137;23000000;86930411
37165;60000000;264118201
37206;6000000;0
37232;0;0
37233;42000000;270248367
37414;13000000;0
37495;967686;4270000
37498;33000000;0
37532;1;0
37686;50000000;260095987
37694;0;0
37707;26000000;0
37710;100000000;278731369
37718;0;0
37724;200000000;1108561013
37735;8000000;74952305
37737;0;0
37786;100000000;288347692
37799;40000000;224920315
37821;75000000;98159963
37834;117000000;261930431
37842;0;0
37903;15238800;0
37931;10000000;6110000
37950;44000000;48190704
37958;75000000;226904017
37964;8000000;27362712
37985;0;0
38007;0;0
38031;22000000;0
38033;0;0
38050;50200000;127869379
38055;130000000;321887208
38073;32000000;42045846
38093;0;21520719
38117;17000000;43165571
38153;45000000;2154540
38167;60000000;204594016
38223;12000000;0
38303;20000000;32005248
38317;80000000;169852759
38319;49900000;26121638
38321;60000000;78309131
38322;32000000;83615414
38356;195000000;1123746996
38357;40000000;58785180
38358;1800000;67738090
38363;22000000;24188922
38365;80000000;271430189
38415;7;7
38428;0;0
38448;12000000;1644755
38541;3000000;22000
38543;25000000;0
38570;0;0
38579;50000000;83761844
38665;18000000;2945600
38717;0;0
38745;112000000;237382724
38757;260000000;591794936
38778;69000000;86387857
38780;0;0
38786;0;0
38810;0;110197
38843;0;0
38940;0;0
38970;0;0
38985;22000000;12000000
39013;2000000;13831503
39037;3200000;0
39053;7000000;0
39055;0;140987
39141;150000;2891288
39180;0;0
39183;1000000;0
39209;1455000;2620000
39210;8000000;0
39254;110000000;299268508
39269;0;0
39303;3500000;0
39349;0;0
39437;0;0
39451;100000000;310650585
39486;35000000;60251371
39513;40000000;97552050
39514;58000000;71664962
39538;60000000;137551594
39541;0;0
39563;0;0
39691;85000000;112483764
39780;0;0
39781;3500000;34705850
39800;4500000;744816
39806;9000000;771499
39833;1000000;9000000
39845;0;0
39851;0;0
39895;1100000;1400000
39939;3000000;18492362
40001;25000000;10070000
40160;0;0
40185;0;0
40247;3000000;0
40264;20000000;80547866
40428;0;0
40494;4000000;14400000
40505;0;0
40652;120000;0
40658;0;0
40688;24000000;4562146
40769;500000;0
40794;7000000;8220215
40805;120000000;227817248
40807;8000000;39187783
40862;0;0
40880;0;0
40914;0;0
40920;200000;0
40932;0;0
40963;0;0
41009;0;0
41110;0;0
41144;0;0
41154;225000000;624026776
41210;19000000;49830607
41216;80000000;140073390
41233;30000000;159291809
41248;0;0
41283;24000000;23081726
41317;0;0
41382;0;0
41402;20000000;24145613
41436;3000000;177512032
41439;20000000;136150434
41446;40000000;97138686
41469;0;0
41479;10000000;7022728
41488;0;0
41508;0;0
41513;110000000;563749323
41515;80000000;201584141
41630;25000000;147780440
41730;0;0
41733;65000000;211780824
41823;10000000;16153593
41830;0;0
41894;0;0
42033;0;0
42057;0;0
42109;0;0
42151;31192;10000
42188;15000000;9455232
42222;0;0
42297;55000000;89519773
42345;11000000;2200000
42497;27000;0
42586;0;0
42618;8000000;20000000
42684;10000000;66821036
42807;27000000;76000000
42819;0;0
42888;120000000;48668907
42889;2000000;563706
43074;144000000;229147509
43090;10000000;0
43213;3200000;0
43266;1250000;6000000
43306;2627000;5363000
43347;30000000;102820008
43418;7347125;0
43434;18000000;871279
43539;30000000;51148651
43546;2361000;6892000
43593;24000000;83188165
43595;200000;2200000
43610;2160000;9132000
43630;0;0
43653;0;0
43743;0;0
43839;2000000;4000000
43867;0;0
43884;1200000;2736000
43923;8000000;6491240
43931;25000000;19829957
43933;500000;4242978
43935;20000000;4634062
43942;3000000;103735
43947;2000000;572809
43949;14000000;1755212
43959;18000000;47088990
44009;8000000;18124262
44040;10000000;33583175
44048;100000000;167805466
44092;12000000;0
44113;22000000;9479718
44115;18000000;35692920
44147;8000000;3453043
44214;13000000;327803731
44260;0;25
44264;38000000;252276927
44413;1400000;0
44490;0;0
44555;0;0
44562;0;0
44564;70000000;67112664
44594;0;0
44603;50000000;105197635
44634;3000000;6804016
44638;20000000;346594
44639;2000000;7871522
44718;7500000;0
44754;14000000;46495
44770;0;0
44826;170000000;185770160
44833;209000000;303025485
44835;7000000;382946
44853;0;0
44857;0;0
44865;3860000;64076736
44896;135000000;245724603
44912;200000000;219851172
44943;70000000;202466756
44944;0;37000000
44945;9500000;120000
44990;0;0
45054;0;0
45132;2500000;324138
45138;0;0
45145;500000;0
45153;0;0
45226;0;0
45243;80000000;254455986
45269;15000000;414211549
45272;15000000;20529194
45317;25000000;93617009
45324;12500000;1083683
45380;0;0
45610;30000000;2527904
45612;32000000;147332697
45649;500000;98017
45650;0;0
45658;5000000;2614773
45767;0;0
45791;0;92
45881;0;0
45958;0;25147786
46138;7200000;0
46146;3500000;4159678
46195;90000000;484635760
46252;0;0
46256;15000000;0
46261;25000000;36993168
46332;4000000;41424067
46415;0;0
46420;0;0
46435;0;0
46503;0;0
46528;42000000;11087569
46529;50000000;144492830
46705;3500000;16566240
46727;1000000;0
46729;1;0
46738;6800000;7103838
46829;30000000;8454301
46838;5000000;5476793
46849;2500000;71904
46889;12000000;12902790
46989;1000000;464000
47088;7000000;453079
47327;50000000;28931401
47452;0;0
47502;13000000;9789900
47534;0;0
47546;0;0
47607;65000;416498
47686;0;0
47692;0;0
47816;6000000;9000000
47889;800000;1001437
47890;14000000;439564
47933;165000000;389681935
47941;20000000;2297493
47964;92000000;304654182
48034;25000000;48531470
48035;0;0
48138;30000000;130786397
48171;37000000;96047633
48217;0;0
48231;15000000;27462041
48289;20000000;45636368
48309;1300000;354704
48340;30000000;108609310
48382;2000000;1672730
48463;1;0
48572;4000000;1104682
48620;7000000;0
48988;36000000;83160734
49010;3000000;748453
49013;200000000;559852396
49017;70000000;215529201
49018;1500000;97009150
49020;0;864659
49021;66000000;57777106
49022;35000000;59901913
49026;250000000;1084939099
49040;130000000;276572938
49047;105000000;716392705
49049;50000000;41037742
49051;250000000;1021103568
49081;8000000;2019009
49365;0;0
49444;150000000;665692281
49471;2400000;5731103
49478;0;0
49517;30000000;0
49519;135000000;585178928
49520;52000000;75450437
49521;225000000;662845518
49524;130000000;61648500
49526;35000000;31083599
49527;42000000;46221189
49529;260000000;284139100
49530;40000000;173930596
49538;160000000;353624124
49730;42000000;89162162
49787;0;0
49852;90000000;16178959
49948;80000000;90874570
49950;16000000;40492759
49951;1200000;0
49953;0;0
49963;0;0
50014;25000000;124272124
50035;250000;4186931
50037;1100000;0
50135;0;0
50321;150000000;38992758
50348;40000000;85412898
50357;5000000;25562924
50359;63000000;183953723
50456;30000000;63782078
50497;0;0
50538;0;0
50544;35000000;150483765
50546;80000000;214918407
50601;20000000;17479
50620;120000000;829000000
50646;50000000;142851197
50647;35000000;24159934
50698;1000000;0
50725;19000000;6928068
50780;21000000;970816
50837;0;3538446
50839;3500000;19504039
50848;4600000;0
50875;2000000;841733
50942;0;0
51052;0;0
51130;0;0
51162;30000000;14460000
51384;0;0
51497;125000000;626137675
51540;35000000;117000000
51588;8000000;10130000
51820;1500000;0
51828;15000000;59389433
51942;250;203
51955;0;0
51995;8000000;0
52010;0;0
52015;650000;33245
52032;0;246574
52067;0;6861102
52449;20000000;216197492
52451;75000000;132274484
52462;0;0
52520;70000000;160112671
52790;0;619042
53113;0;0
53182;110000000;337580051
53256;0;2611555
53457;10000000;17511906
53502;0;0
53862;0;9016377
53953;0;0
54054;40000000;36893721
54138;190000000;467365246
54518;13000000;98441954
54580;4000000;146402
54702;450000;0
54897;200000;2295733
55123;312000;1281176
55180;0;0
55301;75000000;342695435
55306;0;0
55347;3200000;5332926
55420;100000;1776935
55465;19000000;35387212
55561;0;0
55567;0;531826
55604;2000000;9172000
55616;1596010;0
55720;10000000;1759252
55721;32500000;288383523
55779;47000000;157887643
55787;38000000;114156230
55831;0;0
55903;0;0
56288;27000000;85564310
56292;145000000;694713380
56491;0;0
56601;12500000;3878993
56666;1000000;623791
56715;0;0
56930;0;0
57022;0;0
57089;30000000;13521829
57119;6600000;37710610
57120;0;876302
57157;12000000;22939027
57158;250000000;958400000
57165;150000000;301000000
57201;255000000;89289910
57212;66000000;177584879
57214;12000000;100000000
57294;0;0
57431;25000000;34942188
57612;6000000;7518876
57800;95000000;877244782
57825;7000000;0
57876;5000000;0
57943;0;0
58048;17000000;0
58051;0;0
58151;17000000;24922237
58224;55000000;187361754
58233;45000000;160078586
58428;750000;78396
58431;28000000;16374328
58492;0;621951
58574;125000000;334615000
58595;170000000;396600000
58626;6000000;0
58680;13000000;8026971
58882;134005;1332231
59108;75000000;152930623
59436;30000000;151119219
59440;25000000;23057115
59457;3100000;0
59678;14350531;3964682
59728;6000000;399611
59859;28000000;60700000
59860;20000000;17425000
59861;30000000;36160375
59917;1200000;0
59930;0;8880705
59961;85000000;208076205
59962;65000000;156974557
59965;35000000;82087155
59967;30000000;47042000
59968;10000000;17273593
59981;70000000;18662027
60243;800000;0
60304;50000000;224803475
60307;21000000;72417394
60308;50000000;110206216
60309;25000000;15478800
60400;0;0
60420;250000;3542353
60421;0;0
60422;4000000;355688
60463;0;0
60599;12000000;35485056
61012;20000000;52302796
61038;2450000;0
61337;0;0
61752;12000000;4939939
61791;93000000;482860185
61891;30000000;15395087
61984;12000000;11212294
62008;0;0
62116;0;0
62177;185000000;538983207
62204;12000000;55260558
62206;28000000;40547440
62211;200000000;743559607
62213;150000000;245527149
62214;39000000;35287788
62215;7400000;21817298
62255;6500000;0
62402;0;0
62630;19100000;5728213
62676;8000000;1997807
62677;0;0
62728;0;0
62764;85000000;183018522
62835;40000000;60965854
62837;37000000;95404397
62838;56000000;142044638
63006;0;0
63020;11000000;2832826
63287;0;0
63492;20000000;30426096
63574;0;0
64328;45000000;165184237
64499;0;0
64559;0;0
64639;25000000;10324441
64678;0;1406224
64682;105000000;351040419
64685;40000000;55247881
64686;175000000;150962475
64688;42000000;201585328
64689;15000000;37930465
64690;15000000;78054825
64720;5000000;3099314
64807;40000000;44907260
64973;0;0
65055;28000000;10126458
65057;20000000;177243185
65086;17000000;127730736
65203;379000;4358000
65448;0;0
65749;0;0
65754;90000000;232617430
65759;130000000;150406466
66025;0;330048
66125;0;0
66195;0;14870
66468;0;2592808
66607;0;0
66767;10000000;0
66942;2902660;0
67238;0;0
67373;0;0
67660;12000000;96070507
67675;9000000;18663238
67911;10000000;0
67913;6000000;19560274
68179;40000000;74597643
68202;4;0
68412;0;0
68684;10000000;0
68718;100000000;425368238
68721;200000000;1215439994
68722;32000000;28258060
68724;115000000;286140700
68726;180000000;407602906
68727;20000000;24261569
68728;200000000;491868548
68734;44500000;232324128
68735;160000000;433677183
68737;95000000;114178613
68812;20000000;1969193
68818;0;623528
68924;18000000;8038061
69270;13000000;0
69382;0;0
69640;0;0
69668;50000000;38502340
69848;0;0
70006;3000000;0
70074;55000000;9489829
70160;75000000;691210692
70435;23000000;33372606
70436;26000000;29657751
70478;100000;27000000
70670;0;15699707
70687;250000;0
70829;13400000;16700000
70868;24000000;30551495
70875;56000;0
70981;130000000;403170142
71157;0;20374201
71469;30000000;64626786
71547;0;0
71552;50000000;234989584
71676;57000000;149217355
71679;65000000;240159255
71688;13000000;114956699
71805;0;0
71859;7000000;6038942
71864;0;51854875
71866;0;0
71880;79000000;149673788
72086;0;0
72105;50000000;549368315
72113;25000000;27603069
72190;200000000;531865000
72197;60000000;118338361
72207;30000000;53909751
72213;1000000;34522221
72331;69000000;112265139
72358;40000000;22044277
72359;15;0
72387;30000000;40346186
72431;58000000;50365377
72545;79000000;355692760
72559;130000000;371876278
72570;30000000;196114570
72571;5000000;205703818
72710;44000000;63327201
72766;9000;0
72913;1200000;0
72914;0;0
72976;65000000;275293450
73191;19000000;2119994
73247;10000000;2154696
73511;0;0
73532;3850000;0
73567;10000000;3665069
73873;8000000;5634828
73935;16000000;0
73937;41000000;7448385
73981;300000;2074000
74084;0;0
74457;0;0
74465;50000000;120081841
74510;0;0
74534;10000000;136836156
74536;15000000;0
74643;15000000;133432856
74725;500000;171760
74777;70000;0
75033;15000000;0
75174;25000000;77278331
75531;36000000;3003296
75612;120000000;286168572
75638;14000000;13551174
75656;75000000;117698894
75674;12000000;81272766
75780;60000000;218340595
75861;3400000;0
75900;6400000;35057696
75986;550000;0
76025;6500000;17693675
76163;100000000;312573423
76170;120000000;415440673
76203;20000000;187000000
76285;90000000;174578751
76338;170000000;644571402
76341;150000000;378858340
76349;30000000;108348
76487;1000000;101758490
76489;30000000;54819301
76492;85000000;358375603
76493;65000000;179379533
76494;40000000;79700000
76617;20000000;47241945
76640;30000000;0
76649;130000000;117831631
76706;0;0
76726;15000000;145000000
76757;176000003;183987723
76758;94000000;95311434
76996;0;0
77016;7000000;48126384
77156;0;0
77174;60000000;107139399
77332;0;0
77459;25000000;0
77495;5000000;0
77866;25000000;63100000
77875;35000000;0
77877;25000000;99357138
77883;14000000;85446075
77930;7000000;167221571
77931;105000000;347434178
77934;250000;0
77948;20000000;16863583
77949;4798235;209696
77950;135000000;282570682
77951;80000000;126546518
77953;0;104907746
77987;4800000;10337387
78149;10000000;45779
78307;0;0
78373;0;565592
78381;7000000;0
78383;10;10000000
78394;5000000;4074023
78698;40000000;24719215
78705;0;0
78814;0;0
79120;8000;469947
79161;0;0
79316;7000000;36433975
79587;3;0
79694;17000000;9627492
79698;27000000;0
79777;10000000;303877
79940;0;0
80035;68000000;68267862
80215;0;0
80271;11000000;0
80274;110000000;125537191
80278;42000000;180274123
80304;0;0
80321;145000000;746921274
80468;300000;0
80585;75000000;59418613
81005;195000000;197687603
81188;145000000;306941670
81220;500000;0
81390;4000000;25345000
81796;20000000;32204030
81836;17000000;73244881
82505;6900000;44287131
82507;3000000;77712439
82525;45000000;82966152
82532;10000000;4417580
82533;0;0
82631;0;5310554
82650;22000000;77112176
82654;35000000;116980662
82675;45000000;376141306
82679;14000000;11417362
82682;60000000;105200903
82684;0;0
82687;40000000;41863726
82690;165000000;471222889
82693;21000000;205738714
82695;61000000;441809770
82696;30000000;114281051
82700;130000000;243843127
82702;145000000;609123048
82703;145000000;272912430
82990;5000000;142817992
83542;102000000;130482868
83588;0;0
83666;16000000;68263166
83686;6000000;13231461
83770;25000000;8784318
83860;0;5355847
84174;3000000;11947954
84175;1800000;21107746
84178;0;0
84184;0;3094813
84188;0;319285
84197;0;0
84200;850000;1243961
84204;0;0
84318;0;0
84329;2500000;3325038
84332;750000;4007792
84355;125000;3200000
84401;500000;845188
84659;0;0
84892;13000000;33400000
85350;4000000;44349000
85446;33000000;140470746
85860;0;0
86304;0;0
86331;1344000;0
86549;0;0
86812;0;0
86825;12000000;12077441
86829;11000000;32935319
86834;125000000;362637473
86837;8900000;19839492
86838;15000000;19422261
87093;10000000;28883511
87101;155000000;440603537
87421;38000000;98337295
87428;70000000;58058367
87499;6500000;2401510
87502;31000000;161772375
87567;35000000;21819348
87729;14000000;2474000
87818;6000000;32438988
87825;0;0
87826;0;73100172
87827;120000000;609016565
87943;0;0
88005;10000000;9636289
88036;14000000;24637469
88042;25000000;119772232
88641;10500000;123509
88751;45000000;101702060
88794;35000000;84606030
89325;0;0
89492;35000000;88058786
89540;0;0
89708;4000000;0
89750;900000;25000
89857;0;0
89861;0;0
90369;0;0
90414;0;0
91070;930000;30905
91076;0;0
91122;0;0
91314;210000000;1091405097
91586;5000000;0
91721;0;0
92182;2000000;13101672
92591;5000000;9206470
92635;1000000;0
93456;76000000;970761885
93856;0;18112929
94072;0;0
94329;1100000;4105187
94348;45000000;30353232
94352;0;34153101
95755;2000000;0
96238;0;0
96399;12000000;9622846
96534;1000000;0
96721;38000000;90247624
96724;0;68929150
97020;120000000;242688965
97367;15000000;35485608
97370;13300000;5380251
97430;15000000;15608545
97614;12000000;66351
97630;40000000;132820716
98357;56000000;19701164
98369;1250000;0
98549;0;0
98557;1800000;0
98566;125000000;477200000
98568;0;0
99826;0;0
99861;280000000;1405403694
100042;40000000;169837010
100241;65000000;71154592
100275;0;1632
100402;170000000;714766572
100975;3000000;0
101173;7700000;1072602
101179;0;0
101267;12000000;32726956
101299;130000000;847423452
102362;0;18074539
102382;200000000;705717432
102651;180000000;758539785
102840;0;0
102899;130000000;519311965
103328;0;641100
103370;0;0
103620;6000000;31081
103663;3800000;16800000
103731;10000000;21587700
103903;7500000;0
104755;1500000;1165882
104896;0;0
105864;175000000;331926147
106646;100000000;392000694
106747;12000000;15008161
106845;9500000;0
107315;0;0
107811;13000000;48065672
107846;50000000;122915111
107985;20000000;46089287
108346;2000000;7
109091;25000000;71009334
109410;40000000;95020213
109414;32000000;126041322
109417;20000000;16549477
109418;80000000;246984278
109421;30000000;63372757
109424;55000000;95000000
109428;17000000;97542952
109431;35000000;173965010
109443;50000000;173649015
109445;150000000;1274219009
109451;78000000;248384621
109491;60000000;60052138
109513;2000000;14400000
109729;250000;56825
110402;7000000;1310673
110415;39200000;86758912
110683;0;0
111190;16000000;318982
111794;0;0
112430;0;0
112456;1000000;0
112937;0;0
112949;28000000;97594140
113406;0;0
113464;46000000;5200000
113947;1000000;9138338
114065;0;0
114150;17000000;115350426
114635;4000000;0
115210;100000;95000
115872;0;0
116149;55000000;259207227
116584;0;0
116613;3730500;6294161
116711;100000000;268426634
116741;58000000;44000000
116745;90000000;188133322
116977;65000000;73706
117251;150000000;205366737
117263;70000000;161025640
117942;500000;0
118340;170000000;773328629
118452;300000;40542
118612;0;0
118957;30000000;0
119283;35000000;46216641
119450;170000000;710644566
119458;0;0
119657;500;0
120467;30000000;174600318
121676;0;0
121826;11000000;59520298
121986;0;4069826
122081;5000000;31724284
122906;0;87100449
122917;250000000;956019788
123553;60000000;90565421
123678;1000000;444575
124459;30000000;27437881
124606;0;0
125052;0;0
125123;0;0
125263;0;0
125490;2400000;0
125537;0;0
126141;0;0
126186;0;0
126319;12516654;8109160
126509;2500000;33400000
127493;35000000;2106557
127560;18000000;22309223
127585;250000000;747862775
127867;0;0
127918;0;0
129139;1500000;3566225
129670;12000000;17654912
130150;18000000;20275812
131631;125000000;752100229
131634;160000000;653428261
132232;15000000;146497771
132316;0;0
132344;3000000;11176469
132363;25000000;115922175
133575;4000000;0
133694;15000000;8138788
133698;0;0
133805;30000000;82394288
133931;20000000;0
134371;0;0
134374;25000000;86175291
134411;35000000;42930462
134597;0;6842058
135397;150000000;1513528810
135595;0;0
136400;61000000;131940411
136795;43000000;158674180
136797;66000000;203277636
136835;13200000;53830415
137093;28000000;134402450
137094;60000000;50549107
137106;60000000;469160692
137113;178000000;370541256
137321;60000000;30800231
137347;9000000;0
137955;1200000;0
138103;90000000;206172544
138697;6000000;0
138832;37000000;269994119
138843;13000000;318000141
138976;625000;0
139038;2500000;60141683
139715;500000;0
139948;225000;111300
139998;0;0
140300;145000000;521170825
140823;35000000;112544580
142061;3500000;0
142132;0;0
144336;35000000;17508518
144340;13000000;18000000
145220;50000000;80383290
146198;20000000;12639297
146203;5000000;15179302
146216;84000000;0
146227;18000000;10501938
146233;46000000;122126687
146238;30000000;62616646
146239;26000000;51164106
146269;0;0
146304;17000000;71625195
146631;2500000;0
146882;0;0
147441;140000000;268031828
147767;0;126
147773;4600000;23198652
150202;0;0
150211;0;0
150540;175000000;857611174
150689;95000000;543514353
152532;5000000;55198285
152599;16000000;5867686
152601;23000000;47351251
152737;25000000;74188937
152742;13500000;19255873
152747;9000000;6108720
152760;70000000;154984035
153158;22000000;24000000
153397;0;0
153518;73000000;349779543
153795;7000000;0
156022;55000000;192330738
157058;0;0
157185;13;0
157293;0;222000
157336;165000000;675120017
157350;85000000;288747895
157353;100000000;103039258
157354;0;17385830
157386;2500000;6854611
157422;0;0
157544;13000000;1784763
157547;5000000;44030246
157841;33000000;9494789
157847;4000000;2365467
157849;15000000;31554855
157909;0;0
158011;13000000;68572378
158015;3000000;89328627
158150;4000000;0
158752;650;0
158852;190000000;209154322
158895;0;0
159014;1000000;0
159037;0;0
159770;0;0
159824;80000000;473226958
160588;18000000;99206215
161795;0;0
162396;0;0
162903;28000000;8555008
164372;7000000;12400000
164457;22000000;15400000
164558;10000000;0
165864;4500000;0
166424;120000000;167977596
166624;4700000;0
167073;11000000;62076141
168027;0;0
168259;190000000;1506249360
168530;25000000;153997819
168672;40000000;251171807
168705;25000000;2405420
169917;28000000;53181600
170480;0;0
170687;60000000;108255770
171274;20000000;11110975
171424;5000000;6833445
171759;0;0
172385;103000000;500188435
172391;20000000;27187375
172533;0;343341
173224;250;0
173931;19000000;2570000
174311;0;0
174362;0;0
174751;25000000;1397284
175291;0;0
175528;8500000;22456509
175541;17500000;7018189
175555;0;0
175574;55000000;110000000
176074;0;0
176077;0;0
176124;1200000;2861020
177572;165000000;652105443
177677;150000000;682330139
178862;0;0
179144;12400000;8371085
180296;0;0
180383;500000;0
181283;50000000;3324330
181330;0;32230907
181533;127000000;349424282
181940;0;0
182291;0;0
182873;0;0
183894;0;0
184098;24000000;70181428
184315;100000000;243400000
184341;20000000;0
184345;0;0
184346;30000000;0
184374;10000000;0
185008;7700000;46000000
185465;0;0
185567;16000000;0
186935;1000000;0
187017;50000000;188441614
188161;0;0
188166;0;258384
188207;70000000;61279452
188652;0;0
188927;185000000;343471816
189711;0;0
190847;0;0
190859;58800000;542307423
190955;25500000;2415472
191229;0;0
191714;1000000;4235151
192102;28000000;52597999
192132;0;0
192134;0;523511
192136;35000000;27330000
192141;5000000;54418872
192210;3000000;0
192577;30000000;17137302
193603;60000;0
193610;40000000;196781193
193613;18000000;7972967
193722;5500000;0
193756;40000000;149295601
193893;17000000;136621271
194588;0;0
194662;18000000;103215094
195589;18000000;268157400
196867;65000000;133821816
198062;0;0
198184;49000000;104399548
198185;25000000;38307627
198277;8000000;63464861
198370;0;0
198663;34000000;348319861
199373;27220000;5496951
199933;5000000;846704
200505;25000000;28831145
201088;70000000;17752940
201132;1000000;0
202575;34000000;0
202604;0;0
203801;75000000;108145109
203833;0;76586316
204082;22000000;43058898
204922;22000000;15447154
205126;1800000;0
205220;12000000;100129872
205321;1000000;0
205584;140000000;150680864
205587;50000000;83719388
205588;0;9930095
205596;14000000;233555708
205775;100000000;93820758
206197;0;0
206213;0;0
206284;0;0
206296;0;0
206412;0;0
206563;0;0
206647;245000000;880674609
207769;950000;0
208134;15000000;151831537
208763;26000000;0
208869;10;0
209112;250000000;873260194
209263;0;25288872
209274;2159280;10700000
209403;9500000;7800000
209451;40000000;67347013
210577;61000000;369330363
210860;60000000;30418560
211086;550000;0
211557;0;0
211672;74000000;1156730962
211954;5500000;99067206
214756;68000000;217022588
215211;30000000;0
215881;0;0
215918;1000000;0
215924;1300000;0
216015;40000000;571006128
216282;50000000;160602194
217708;10;11
218043;16000000;19682924
218500;0;0
218778;28000000;100654149
219716;0;0
220488;0;0
220490;0;0
222250;0;0
222649;0;0
222899;12500000;49002684
222935;12000000;307166834
222936;37000000;26250020
223485;0;229094
223702;19000000;140752617
224141;50000000;212902372
224569;0;0
225235;0;4037782
225565;8000000;26049082
225574;50000000;222809600
225886;40000000;126069509
226354;0;0
226458;0;0
226486;20000000;100525432
226857;20000000;34077920
227156;25000000;66980456
227159;42000000;107670357
227306;65000000;163442937
227348;5000000;86362372
227707;25000000;6399
227719;12000000;32248241
227735;36000000;52424533
227783;0;0
227973;99000000;246233113
227975;0;0
228066;40000000;34227298
228150;68000000;211817906
228161;135000000;368871007
228165;74000000;311594032
228194;22000000;88880821
228203;0;45710059
228205;34000000;63013281
228326;50000000;97437106
228550;0;0
228967;44000000;12342632
228970;15000000;52501541
230266;5500000;5000000
231576;5500000;5483299
231617;0;0
232672;40000000;123494610
232679;15000000;30127963
234212;3000000;3387000
235260;22000000;67800064
235271;0;0
236751;12000000;101332962
238603;13000000;45300000
238615;26000000;30523226
238636;9000000;108782847
239563;13000000;54837234
239566;0;31911598
239571;26000000;35926213
239573;35000000;14431253
239678;19800000;41296320
239897;0;0
240832;40000000;126546825
241239;20000000;12007070
241251;4000000;52425855
241254;18000000;266586800
241257;0;17671101
241259;170000000;299370084
241554;50000000;71561644
241766;3440000;0
241771;7000000;14618727
242083;1000000;0
242095;4000000;600896
242166;25000000;0
242512;5000000;103590271
242575;4000000;0
242582;8500000;38697217
243938;14000000;12314651
243940;3300000;64110728
244114;0;0
244267;0;336472
244316;10000000;0
244339;0;0
244403;5000000;0
244534;0;0
244772;0;5284309
244776;0;0
244783;6000000;32251
244786;3300000;13092000
245700;0;5405500
245703;18000000;6212282
245846;10000000;17472
245916;5000000;2450846
246403;2800000;1826705
246449;1493619;0
246655;178000000;543934787
248402;0;0
248774;0;3123963
249164;11000000;78874843
250066;10000000;0
250124;2000000;1477002
250184;0;0
250349;6000000;14348529
250546;6500000;255273813
250902;50000;0
251321;8000000;53086
251471;650000;0
251979;0;0
252360;3500000;0
252512;10000000;7587485
252680;5000000;10429707
253235;18000000;25312387
253253;0;0
253261;0;0
253290;0;0
253306;0;0
253331;9000000;21571189
253412;55000000;203427584
253450;15000000;632542
253626;0;316472
254024;0;0
254128;110000000;470490832
254470;29000000;287506194
254472;2500000;0
254473;28000000;68896829
254904;15000000;32556119
255266;22000;0
255343;17000000;3758328
256040;40000000;100000000
256092;12000000;0
256274;5000000;40100000
256591;50100000;153962963
256687;0;0
256740;3500000;0
256917;22500000;15520023
256924;10000000;10835752
256961;38000000;107597242
256962;20000000;6420319
257087;4000000;0
257088;105000000;133718711
257091;40000000;111811453
257211;35000000;194564672
257344;88000000;243637091
257445;58000000;158162788
257932;40000000;0
258489;180000000;356743061
258509;0;233755553
258755;0;0
259693;40000000;320170008
259694;38000000;112343513
259943;0;0
260346;48000000;325771424
260778;0;0
260947;3000000;0
261023;53000000;98837872
262500;110000000;295238201
262504;110000000;179246868
262543;7000000;0
263503;0;0
264644;6000000;35401758
264656;16000000;3442853
264660;15000000;36869414
264999;14800000;122513057
265208;30000000;0
266034;0;0
266102;0;0
266396;40000000;13644292
266647;150000000;128388320
266856;15000000;123726688
266857;0;0
267860;60000000;205754447
267935;140000000;183345589
268171;10000000;0
268238;10000000;85978266
268917;100;0
268920;35000000;51680201
269057;1000000;0
270303;2000000;14674076
270487;22000000;63647656
270554;0;0
270938;0;0
270946;132000000;373552094
271110;250000000;1153304495
271185;950000;0
271331;27000000;0
271718;35000000;140795793
271969;100000000;94061311
272693;8500000;43528634
272724;1000000;0
272726;0;0
272878;20000000;43967255
273248;44000000;155760117
273481;30000000;84025816
273895;20000000;66787908
273899;13500000;187674
274167;50000000;242786137
274479;60000000;101134059
274758;0;0
274854;90000000;146936910
276907;25000000;42972994
277216;28000000;201634991
277519;0;0
277685;1000000;62882090
278316;0;0
278348;0;0
278927;175000000;966550600
279759;0;0
280092;10000000;104303851
280381;0;0
280391;0;0
280871;0;0
281189;0;0
281230;0;0
281730;0;0
281957;135000000;532950503
282128;0;0
283384;0;0
283445;10000000;52882018
283671;0;0
283686;0;0
283708;7700000;0
284293;5000000;43884652
284296;0;25434291
284536;25000000;39171130
285743;0;0
285783;35000000;61181942
285923;67000000;25037897
286217;108000000;630161890
286565;12000000;85512300
286939;0;0
287424;4000000;187112
287524;1;0
287625;0;0
287815;0;0
287903;15000000;61548707
287948;25000000;72629670
288927;0;0
288980;14500000;0
289180;0;0
290370;0;1500000
290391;50000;0
290555;18000000;0
290595;115000000;164602163
290751;19500000;34854990
290825;5000000;0
290864;25000000;0
291081;0;0
291270;8000000;5659286
291362;1500000;0
291805;90000000;334901337
291870;11500000;94073028
292481;5000000;0
292483;0;0
292539;913000;0
293644;8000000;0
293646;25000000;24902723
293660;58000000;783112979
293670;0;0
293863;25000000;65663276
294086;0;0
294254;61000000;311256926
294272;65000000;143695338
294512;0;0
294550;0;0
294600;0;0
295886;1900000;0
295914;0;0
295964;20000000;36606743
296096;20000000;207945075
296098;40000000;165478348
296099;31000000;104384188
296943;0;0
297100;500000;0
297596;15000000;0
297621;0;0
297761;175000000;745000000
298312;5000000;98450062
298584;0;0
299145;0;0
299245;100000;42664410
299552;0;0
299553;2000000;0
299687;38000000;109906372
300168;65000000;121545703
300327;0;0
300671;50000000;69411370
300673;80000000;52099090
300706;5000000;0
301325;1500000;0
301351;6000000;11122090
301365;7000000;1333124
301748;3300000;45000
302156;31500000;14708696
302579;700000;10508
302688;18000000;88923251
302699;50000000;216972543
303858;27000000;93282604
304357;11000000;61619773
304410;11000000;0
306667;0;0
306745;7000000;573335
307081;30000000;91709827
308467;0;0
308529;17000000;0
308531;135000000;245623848
308639;700000;17986781
309425;0;0
309503;0;0
309809;64000000;97571250
309919;2000000;0
310131;3500000;40423945
310569;0;0
310706;0;0
310933;0;0
312113;12500000;0
312221;37000000;173567581
312791;3150000;0
312793;0;0
313922;5000000;3220371
314365;20000000;88346473
314385;10000000;3727746
315011;15000000;77000000
315664;29000000;48902953
316002;26000000;0
316152;50000000;25035950
316727;10000000;118587880
317930;3000000;0
318040;0;0
318846;28000000;133346506
318850;18500000;6490401
319069;0;0
319888;23000000;46152800
319910;0;0
320146;1000000;0
320435;0;0
321258;10000000;64188367
321697;30000000;34441873
321741;35000000;50363790
322194;0;0
322443;0;0
322745;50000;0
323270;0;0
323271;0;0
323675;40000000;124827316
323676;29000000;78636257
323677;5000000;24804129
323967;700000;0
324322;522360;0
324352;300000;0
324668;120000000;415484914
325123;0;0
325133;35000000;108758521
325140;0;0
325173;0;0
325373;0;0
325579;0;0
325789;25000000;15436808
326284;7500000;0
326576;0;0
327833;9000000;0
328111;75000000;875958308
328307;0;0
328387;20000000;83707310
328425;5000000;58978653
329440;10000000;40055439
329540;1950000;0
329833;50000000;55969000
330770;0;0
331190;2000000;2801508
331493;0;0
331592;0;0
331745;0;0
332285;35000000;0
332411;18000000;0
332567;17000000;119100758
333348;17000000;24000000
333355;0;0
333371;15000000;108286421
334074;20000000;0
334527;7000000;0
334531;20000000;0
335244;0;0
335778;20000000;46069568
335866;0;0
335874;0;0
336004;8900000;4100000
339408;8500000;15861566
339984;16000000;77000000
340611;0;0
340816;0;0
342502;3000000;0
342521;15000000;20566327
343409;0;0
343795;5000000;4842699
344466;0;0
345003;1200000;0
345911;4900000;44107032
346081;0;0
347126;5000000;23507567
347548;0;0
347755;0;0
347764;0;0
347969;60000000;0
351043;3000000;0
351819;20000000;21164799
352978;5000000;0
354110;11000000;0
354624;0;0
355629;0;0
356216;2500000;0
356483;0;0
356841;0;0
356987;0;0
357441;0;0
357834;1;0
357837;0;0
358451;0;0
360188;75000;0
360339;2300000;0
361159;0;0
361398;0;0
361475;0;0
361505;1;0
362105;4400000;0
362765;0;0
364083;2100000;3330
365052;0;0
365222;36000000;156844753
366967;0;0
367551;0;0
367961;30000000;0
370464;0;0
370662;3500000;0
370980;15000000;0
371085;0;0
371690;350000;0
373314;11000000;0
374461;8000000;0
375290;4500000;32000000
375950;0;0
376004;750000;0
376010;0;0
376659;20000000;183936074
378200;0;0
378237;300000;0
379532;0;0
380097;0;0
380733;0;0
381902;68490000;193677158
385383;27000000;0
385636;0;0
385736;0;0
386826;0;0
389425;8000000;0
394047;2000000;0
395766;0;0
396152;0;0
402515;0;0
407887;0;0
408429;200;0
417859;130000000;554987477
426067;0;0
426469;0;0
433715;0;0
447027;0;0
459488;2;0
